Source,Address,Price,Area (m²),Date,price_per_sqm,log_price,District_encoded,Price_norm,Area (m²)_norm,price_per_sqm_norm,Price_std,Area (m²)_std,price_per_sqm_std,year,month,price_lag_1,price_roll_5
myrealty.am,Center,700000,135,2023-05-14,5185.1852,13.4588,4,0.681,0.7647,0.4225,3.35,1.35,2.04,2023,5,,700000.0
myrealty.am,Center,800000,135,2023-05-19,5925.9259,13.5924,4,0.791,0.7647,0.493,4.09,1.35,2.65,2023,5,700000.0,750000.0
myrealty.am,Center,210000,69,2023-07-06,3043.4783,12.2549,4,0.1419,0.2794,0.2185,-0.23,-0.73,0.29,2023,7,800000.0,570000.0
myrealty.am,Arabkir,400000,132,2023-07-24,3030.303,12.8992,2,0.3509,0.7426,0.2173,1.16,1.26,0.28,2023,7,210000.0,527500.0
myrealty.am,Center,279000,42,2023-07-27,6642.8571,12.539,4,0.2178,0.0809,0.5613,0.27,-1.59,3.24,2023,7,400000.0,477800.0
myrealty.am,Center,350000,98,2023-07-28,3571.4286,12.7657,4,0.2959,0.4926,0.2688,0.79,0.18,0.72,2023,7,279000.0,407800.0
myrealty.am,Center,280000,50,2023-08-17,5600.0,12.5425,4,0.2189,0.1397,0.462,0.28,-1.33,2.38,2023,8,350000.0,303800.0
myrealty.am,Center,260000,101,2023-09-08,2574.2574,12.4684,4,0.1969,0.5147,0.1739,0.13,0.28,-0.1,2023,9,280000.0,313800.0
myrealty.am,Arabkir,350000,158,2023-09-12,2215.1899,12.7657,2,0.2959,0.9338,0.1397,0.79,2.08,-0.39,2023,9,260000.0,303800.0
myrealty.am,Avan,650000,88,2023-10-03,7386.3636,13.3847,3,0.626,0.4191,0.6321,2.99,-0.13,3.84,2023,10,350000.0,378000.0
myrealty.am,Arabkir,290000,130,2023-10-30,2230.7692,12.5776,2,0.2299,0.7279,0.1411,0.35,1.19,-0.38,2023,10,650000.0,366000.0
myrealty.am,Center,99000,36,2023-11-06,2750.0,11.5029,4,0.0198,0.0368,0.1906,-1.05,-1.77,0.05,2023,11,290000.0,329800.0
myrealty.am,Arabkir,245000,80,2023-11-28,3062.5,12.409,2,0.1804,0.3603,0.2203,0.02,-0.39,0.3,2023,11,99000.0,326800.0
myrealty.am,Center,125000,52,2024-01-10,2403.8462,11.7361,4,0.0484,0.1544,0.1576,-0.86,-1.27,-0.24,2024,1,245000.0,281800.0
myrealty.am,Center,310000,59,2024-01-10,5254.2373,12.6443,4,0.2519,0.2059,0.4291,0.5,-1.05,2.1,2024,1,125000.0,213800.0
myrealty.am,Arabkir,220000,76,2024-01-13,2894.7368,12.3014,2,0.1529,0.3309,0.2044,-0.16,-0.51,0.17,2024,1,310000.0,199800.0
myrealty.am,Center,210000,62,2024-01-22,3387.0968,12.2549,4,0.1419,0.2279,0.2513,-0.23,-0.95,0.57,2024,1,220000.0,222000.0
myrealty.am,Arabkir,200000,61,2024-01-23,3278.6885,12.2061,2,0.1309,0.2206,0.2409,-0.31,-0.99,0.48,2024,1,210000.0,213000.0
myrealty.am,Arabkir,175000,78,2024-01-25,2243.5897,12.0725,2,0.1034,0.3456,0.1424,-0.49,-0.45,-0.37,2024,1,200000.0,223000.0
myrealty.am,Arabkir,160000,61,2024-01-26,2622.9508,11.9829,2,0.0869,0.2206,0.1785,-0.6,-0.99,-0.06,2024,1,175000.0,193000.0
myrealty.am,Center,125000,167,2024-02-02,748.503,11.7361,4,0.0484,1.0,0.0,-0.86,2.36,-1.59,2024,2,160000.0,174000.0
myrealty.am,Arabkir,180000,108,2024-02-19,1666.6667,12.1007,2,0.1089,0.5662,0.0874,-0.45,0.5,-0.84,2024,2,125000.0,168000.0
myrealty.am,Center,350000,125,2024-02-19,2800.0,12.7657,4,0.2959,0.6912,0.1954,0.79,1.04,0.09,2024,2,180000.0,198000.0
myrealty.am,Center,135000,94,2024-02-19,1436.1702,11.813,4,0.0594,0.4632,0.0655,-0.78,0.06,-1.03,2024,2,350000.0,190000.0
myrealty.am,Center,130000,94,2024-02-19,1382.9787,11.7753,4,0.0539,0.4632,0.0604,-0.82,0.06,-1.07,2024,2,135000.0,184000.0
myrealty.am,Kanaqer-Zeytun,140000,58,2024-02-24,2413.7931,11.8494,8,0.0649,0.1985,0.1586,-0.75,-1.08,-0.23,2024,2,130000.0,187000.0
myrealty.am,Kanaqer-Zeytun,345000,115,2024-02-27,3000.0,12.7513,8,0.2904,0.6176,0.2144,0.76,0.72,0.25,2024,2,140000.0,220000.0
myrealty.am,Center,210000,70,2024-02-29,3000.0,12.2549,4,0.1419,0.2868,0.2144,-0.23,-0.7,0.25,2024,2,345000.0,192000.0
myrealty.am,Arabkir,330000,90,2024-02-29,3666.6667,12.7068,2,0.2739,0.4338,0.2779,0.65,-0.07,0.8,2024,2,210000.0,231000.0
myrealty.am,Kanaqer-Zeytun,185000,58,2024-03-04,3189.6552,12.1281,8,0.1144,0.1985,0.2325,-0.42,-1.08,0.41,2024,3,330000.0,242000.0
myrealty.am,Nork-Marash,290000,116,2024-03-07,2500.0,12.5776,11,0.2299,0.625,0.1668,0.35,0.75,-0.16,2024,3,185000.0,272000.0
myrealty.am,Nork-Marash,225000,91,2024-03-22,2472.5275,12.3239,11,0.1584,0.4412,0.1642,-0.12,-0.04,-0.18,2024,3,290000.0,248000.0
myrealty.am,Erebuni,260000,167,2024-03-27,1556.8862,12.4684,6,0.1969,1.0,0.077,0.13,2.36,-0.93,2024,3,225000.0,258000.0
myrealty.am,Center,545000,88,2024-04-01,6193.1818,13.2085,4,0.5105,0.4191,0.5185,2.22,-0.13,2.87,2024,4,260000.0,301000.0
myrealty.am,Center,280000,74,2024-04-04,3783.7838,12.5425,4,0.2189,0.3162,0.289,0.28,-0.58,0.89,2024,4,545000.0,320000.0
myrealty.am,Davtashen,306000,91,2024-04-10,3362.6374,12.6313,5,0.2475,0.4412,0.2489,0.47,-0.04,0.55,2024,4,280000.0,323200.0
myrealty.am,Davtashen,306000,91,2024-04-10,3362.6374,12.6313,5,0.2475,0.4412,0.2489,0.47,-0.04,0.55,2024,4,306000.0,339400.0
myrealty.am,Davtashen,306000,91,2024-04-10,3362.6374,12.6313,5,0.2475,0.4412,0.2489,0.47,-0.04,0.55,2024,4,306000.0,348600.0
myrealty.am,Center,315000,82,2024-04-12,3841.4634,12.6603,4,0.2574,0.375,0.2945,0.54,-0.32,0.94,2024,4,306000.0,302600.0
myrealty.am,Arabkir,310000,167,2024-04-14,1856.2874,12.6443,2,0.2519,1.0,0.1055,0.5,2.36,-0.69,2024,4,315000.0,308600.0
myrealty.am,Center,800000,167,2024-04-19,4790.4192,13.5924,4,0.791,1.0,0.3849,4.09,2.36,1.72,2024,4,310000.0,407400.0
myrealty.am,Center,157000,59,2024-04-23,2661.0169,11.964,4,0.0836,0.2059,0.1821,-0.62,-1.05,-0.03,2024,4,800000.0,377600.0
myrealty.am,Center,125000,38,2024-04-24,3289.4737,11.7361,4,0.0484,0.0515,0.242,-0.86,-1.71,0.49,2024,4,157000.0,341400.0
myrealty.am,Center,310000,74,2024-04-26,4189.1892,12.6443,4,0.2519,0.3162,0.3276,0.5,-0.58,1.23,2024,4,125000.0,340400.0
myrealty.am,Center,310000,75,2024-04-29,4133.3333,12.6443,4,0.2519,0.3235,0.3223,0.5,-0.54,1.18,2024,4,310000.0,340400.0
myrealty.am,Arabkir,153000,67,2024-05-06,2283.5821,11.9382,2,0.0792,0.2647,0.1462,-0.65,-0.8,-0.34,2024,5,310000.0,211000.0
myrealty.am,Center,400000,120,2024-05-13,3333.3333,12.8992,4,0.3509,0.6544,0.2461,1.16,0.88,0.52,2024,5,153000.0,259600.0
myrealty.am,Center,470000,46,2024-05-15,10217.3913,13.0605,4,0.4279,0.1103,0.9017,1.67,-1.46,6.16,2024,5,400000.0,328600.0
myrealty.am,Arabkir,395000,130,2024-05-18,3038.4615,12.8866,2,0.3454,0.7279,0.2181,1.12,1.19,0.28,2024,5,470000.0,345600.0
myrealty.am,Kanaqer-Zeytun,270000,106,2024-05-22,2547.1698,12.5062,8,0.2079,0.5515,0.1713,0.21,0.44,-0.12,2024,5,395000.0,337600.0
myrealty.am,Center,125000,167,2024-05-22,748.503,11.7361,4,0.0484,1.0,0.0,-0.86,2.36,-1.59,2024,5,270000.0,332000.0
myrealty.am,Center,125000,167,2024-05-22,748.503,11.7361,4,0.0484,1.0,0.0,-0.86,2.36,-1.59,2024,5,125000.0,277000.0
myrealty.am,Center,750000,150,2024-05-23,5000.0,13.5278,4,0.736,0.875,0.4048,3.72,1.82,1.89,2024,5,125000.0,333000.0
myrealty.am,Center,185000,60,2024-05-31,3083.3333,12.1281,4,0.1144,0.2132,0.2223,-0.42,-1.02,0.32,2024,5,750000.0,291000.0
myrealty.am,Arabkir,158000,76,2024-06-04,2078.9474,11.9704,2,0.0847,0.3309,0.1267,-0.61,-0.51,-0.5,2024,6,185000.0,268600.0
myrealty.am,Avan,350000,88,2024-06-04,3977.2727,12.7657,3,0.2959,0.4191,0.3075,0.79,-0.13,1.05,2024,6,158000.0,313600.0
myrealty.am,Center,199000,72,2024-06-11,2763.8889,12.2011,4,0.1298,0.3015,0.1919,-0.31,-0.64,0.06,2024,6,350000.0,328400.0
myrealty.am,Arabkir,144000,59,2024-06-17,2440.678,11.8776,2,0.0693,0.2059,0.1611,-0.72,-1.05,-0.21,2024,6,199000.0,207200.0
myrealty.am,Arabkir,270000,149,2024-06-21,1812.0805,12.5062,2,0.2079,0.8676,0.1013,0.21,1.79,-0.72,2024,6,144000.0,224200.0
myrealty.am,Arabkir,310000,96,2024-06-21,3229.1667,12.6443,2,0.2519,0.4779,0.2362,0.5,0.12,0.44,2024,6,270000.0,254600.0
myrealty.am,Center,125000,167,2024-06-23,748.503,11.7361,4,0.0484,1.0,0.0,-0.86,2.36,-1.59,2024,6,310000.0,209600.0
myrealty.am,Kanaqer-Zeytun,250000,130,2024-06-24,1923.0769,12.4292,8,0.1859,0.7279,0.1118,0.06,1.19,-0.63,2024,6,125000.0,219800.0
myrealty.am,Center,322000,100,2024-07-19,3220.0,12.6823,4,0.2651,0.5074,0.2353,0.59,0.25,0.43,2024,7,250000.0,255400.0
myrealty.am,Xarberd,160000,88,2024-08-16,1818.1818,11.9829,14,0.0869,0.4191,0.1019,-0.6,-0.13,-0.72,2024,8,322000.0,233400.0
myrealty.am,Arabkir,375000,118,2024-08-19,3177.9661,12.8347,2,0.3234,0.6397,0.2313,0.97,0.81,0.4,2024,8,160000.0,246400.0
myrealty.am,Arabkir,125000,88,2024-08-21,1420.4545,11.7361,2,0.0484,0.4191,0.064,-0.86,-0.13,-1.04,2024,8,375000.0,246400.0
myrealty.am,Nork-Marash,125000,68,2024-08-21,1838.2353,11.7361,11,0.0484,0.2721,0.1038,-0.86,-0.76,-0.7,2024,8,125000.0,221400.0
myrealty.am,Arabkir,500000,167,2024-09-02,2994.012,13.1224,2,0.4609,1.0,0.2138,1.89,2.36,0.25,2024,9,125000.0,257000.0
myrealty.am,Center,650000,100,2024-09-03,6500.0,13.3847,4,0.626,0.5074,0.5477,2.99,0.25,3.12,2024,9,500000.0,355000.0
myrealty.am,Kanaqer-Zeytun,200000,122,2024-09-03,1639.3443,12.2061,8,0.1309,0.6691,0.0848,-0.31,0.94,-0.86,2024,9,650000.0,320000.0
myrealty.am,Nork-Marash,145000,68,2024-09-18,2132.3529,11.8845,11,0.0704,0.2721,0.1318,-0.71,-0.76,-0.46,2024,9,200000.0,324000.0
myrealty.am,Arabkir,125000,167,2024-09-18,748.503,11.7361,2,0.0484,1.0,0.0,-0.86,2.36,-1.59,2024,9,145000.0,324000.0
myrealty.am,Arabkir,125000,167,2024-09-18,748.503,11.7361,2,0.0484,1.0,0.0,-0.86,2.36,-1.59,2024,9,125000.0,249000.0
myrealty.am,Arabkir,125000,88,2024-09-23,1420.4545,11.7361,2,0.0484,0.4191,0.064,-0.86,-0.13,-1.04,2024,9,125000.0,144000.0
myrealty.am,Center,260000,83,2024-09-23,3132.5301,12.4684,4,0.1969,0.3824,0.227,0.13,-0.29,0.36,2024,9,125000.0,156000.0
myrealty.am,Center,123000,66,2024-09-26,1863.6364,11.7199,4,0.0462,0.2574,0.1062,-0.87,-0.83,-0.68,2024,9,260000.0,151600.0
myrealty.am,Center,125000,133,2024-09-29,939.8496,11.7361,4,0.0484,0.75,0.0182,-0.86,1.29,-1.44,2024,9,123000.0,151600.0
myrealty.am,Center,125000,88,2024-10-02,1420.4545,11.7361,4,0.0484,0.4191,0.064,-0.86,-0.13,-1.04,2024,10,125000.0,151600.0
myrealty.am,Arabkir,480000,167,2024-10-04,2874.2515,13.0815,2,0.4389,1.0,0.2024,1.74,2.36,0.15,2024,10,125000.0,222600.0
myrealty.am,Arabkir,450000,159,2024-10-18,2830.1887,13.017,2,0.4059,0.9412,0.1982,1.52,2.11,0.11,2024,10,480000.0,260600.0
myrealty.am,Arabkir,125000,118,2024-10-18,1059.322,11.7361,2,0.0484,0.6397,0.0296,-0.86,0.81,-1.34,2024,10,450000.0,261000.0
myrealty.am,Center,345000,117,2024-10-30,2948.7179,12.7513,4,0.2904,0.6324,0.2095,0.76,0.78,0.21,2024,10,125000.0,305000.0
myrealty.am,Davtashen,550000,167,2024-11-02,3293.4132,13.2177,5,0.516,1.0,0.2423,2.26,2.36,0.49,2024,11,345000.0,390000.0
myrealty.am,Center,230000,89,2024-11-05,2584.2697,12.3458,4,0.1639,0.4265,0.1748,-0.09,-0.1,-0.09,2024,11,550000.0,340000.0
myrealty.am,Vahagni district,990000,88,2024-11-10,11250.0,13.8055,13,1.0,0.4191,1.0,5.48,-0.13,7.01,2024,11,230000.0,448000.0
myrealty.am,Avan,200000,167,2024-11-13,1197.6048,12.2061,3,0.1309,1.0,0.0428,-0.31,2.36,-1.22,2024,11,990000.0,463000.0
myrealty.am,Center,225000,55,2024-12-06,4090.9091,12.3239,4,0.1584,0.1765,0.3183,-0.12,-1.17,1.15,2024,12,200000.0,439000.0
myrealty.am,Davtashen,440000,123,2024-12-16,3577.2358,12.9945,5,0.3949,0.6765,0.2694,1.45,0.97,0.72,2024,12,225000.0,417000.0
myrealty.am,Arabkir,125000,120,2024-12-23,1041.6667,11.7361,2,0.0484,0.6544,0.0279,-0.86,0.88,-1.35,2024,12,440000.0,396000.0
myrealty.am,Davtashen,180000,73,2025-01-13,2465.7534,12.1007,5,0.1089,0.3088,0.1635,-0.45,-0.61,-0.19,2025,1,125000.0,234000.0
myrealty.am,Davtashen,180000,73,2025-01-13,2465.7534,12.1007,5,0.1089,0.3088,0.1635,-0.45,-0.61,-0.19,2025,1,180000.0,230000.0
myrealty.am,Kanaqer-Zeytun,285000,104,2025-02-28,2740.3846,12.5602,8,0.2244,0.5368,0.1897,0.32,0.37,0.04,2025,2,180000.0,242000.0
myrealty.am,Malatia-Sebastia,102000,70,2025-02-28,1457.1429,11.5327,9,0.0231,0.2868,0.0675,-1.02,-0.7,-1.01,2025,2,285000.0,174400.0
myrealty.am,Center,370000,111,2025-03-04,3333.3333,12.8213,4,0.3179,0.5882,0.2461,0.94,0.59,0.52,2025,3,102000.0,223400.0
myrealty.am,Center,370000,111,2025-03-04,3333.3333,12.8213,4,0.3179,0.5882,0.2461,0.94,0.59,0.52,2025,3,370000.0,261400.0
myrealty.am,Ajapnyak,97000,46,2025-03-18,2108.6957,11.4825,1,0.0176,0.1103,0.1295,-1.06,-1.46,-0.48,2025,3,370000.0,244800.0
myrealty.am,Center,240000,121,2025-03-25,1983.4711,12.3884,4,0.1749,0.6618,0.1176,-0.01,0.91,-0.58,2025,3,97000.0,235800.0
myrealty.am,Arabkir,295000,140,2025-03-25,2107.1429,12.5947,2,0.2354,0.8015,0.1294,0.39,1.51,-0.48,2025,3,240000.0,274400.0
myrealty.am,Center,195000,120,2025-03-25,1625.0,12.1808,4,0.1254,0.6544,0.0835,-0.34,0.88,-0.87,2025,3,295000.0,239400.0
myrealty.am,Avan,117000,76,2025-03-27,1539.4737,11.6699,3,0.0396,0.3309,0.0753,-0.91,-0.51,-0.94,2025,3,195000.0,188800.0
myrealty.am,Center,125000,110,2025-04-08,1136.3636,11.7361,4,0.0484,0.5809,0.0369,-0.86,0.56,-1.27,2025,4,117000.0,194400.0
myrealty.am,Center,125000,110,2025-04-08,1136.3636,11.7361,4,0.0484,0.5809,0.0369,-0.86,0.56,-1.27,2025,4,125000.0,171400.0
myrealty.am,Arabkir,310000,93,2025-04-29,3333.3333,12.6443,2,0.2519,0.4559,0.2461,0.5,0.02,0.52,2025,4,125000.0,174400.0
myrealty.am,Malatia-Sebastia,266500,118,2025-05-27,2258.4746,12.4931,9,0.2041,0.6397,0.1438,0.18,0.81,-0.36,2025,5,310000.0,188700.0
myrealty.am,Center,975000,102,2025-06-12,9558.8235,13.7902,4,0.9835,0.5221,0.839,5.37,0.31,5.62,2025,6,266500.0,360300.0
myrealty.am,Center,455000,105,2025-06-16,4333.3333,13.0281,4,0.4114,0.5441,0.3414,1.56,0.4,1.34,2025,6,975000.0,426300.0
myrealty.am,Malatia-Sebastia,125000,105,2025-06-24,1190.4762,11.7361,9,0.0484,0.5441,0.0421,-0.86,0.4,-1.23,2025,6,455000.0,426300.0
myrealty.am,Malatia-Sebastia,125000,105,2025-06-24,1190.4762,11.7361,9,0.0484,0.5441,0.0421,-0.86,0.4,-1.23,2025,6,125000.0,389300.0
myrealty.am,Vahagni district,750000,88,2025-06-27,8522.7273,13.5278,13,0.736,0.4191,0.7403,3.72,-0.13,4.78,2025,6,125000.0,486000.0
myrealty.am,Center,295000,77,2025-07-12,3831.1688,12.5947,4,0.2354,0.3382,0.2935,0.39,-0.48,0.93,2025,7,750000.0,350000.0
myrealty.am,Nork-Marash,125000,88,2025-07-25,1420.4545,11.7361,11,0.0484,0.4191,0.064,-0.86,-0.13,-1.04,2025,7,295000.0,284000.0
myrealty.am,Davtashen,290000,104,2025-07-25,2788.4615,12.5776,5,0.2299,0.5368,0.1943,0.35,0.37,0.08,2025,7,125000.0,317000.0
myrealty.am,Center,125000,95,2025-08-14,1315.7895,11.7361,4,0.0484,0.4706,0.054,-0.86,0.09,-1.13,2025,8,290000.0,317000.0
myrealty.am,Arabkir,195000,116,2025-08-22,1681.0345,12.1808,2,0.1254,0.625,0.0888,-0.34,0.75,-0.83,2025,8,125000.0,206000.0
myrealty.am,Nork-Marash,280000,138,2025-09-04,2028.9855,12.5425,11,0.2189,0.7868,0.1219,0.28,1.45,-0.54,2025,9,195000.0,203000.0
myrealty.am,Nor-Nork,239000,140,2025-09-05,1707.1429,12.3842,10,0.1738,0.8015,0.0913,-0.02,1.51,-0.81,2025,9,280000.0,225800.0
myrealty.am,Nor-Nork,239000,140,2025-09-05,1707.1429,12.3842,10,0.1738,0.8015,0.0913,-0.02,1.51,-0.81,2025,9,239000.0,215600.0
myrealty.am,Ajapnyak,127000,72,2025-09-05,1763.8889,11.7519,1,0.0506,0.3015,0.0967,-0.84,-0.64,-0.76,2025,9,239000.0,216000.0
myrealty.am,Nor-Nork,239000,140,2025-09-05,1707.1429,12.3842,10,0.1738,0.8015,0.0913,-0.02,1.51,-0.81,2025,9,127000.0,224800.0
myrealty.am,Ajapnyak,122000,79,2025-09-05,1544.3038,11.7118,1,0.0451,0.3529,0.0758,-0.88,-0.42,-0.94,2025,9,239000.0,193200.0
myrealty.am,Kanaqer-Zeytun,135000,89,2025-09-05,1516.8539,11.813,8,0.0594,0.4265,0.0732,-0.78,-0.1,-0.96,2025,9,122000.0,172400.0
myrealty.am,Ajapnyak,155000,156,2025-09-15,993.5897,11.9512,1,0.0814,0.9191,0.0233,-0.64,2.01,-1.39,2025,9,135000.0,155600.0
myrealty.am,Avan,270000,167,2025-09-17,1616.7665,12.5062,3,0.2079,1.0,0.0827,0.21,2.36,-0.88,2025,9,155000.0,184200.0
myrealty.am,Kanaqer-Zeytun,280000,106,2025-09-23,2641.5094,12.5425,8,0.2189,0.5515,0.1803,0.28,0.44,-0.04,2025,9,270000.0,192400.0
myrealty.am,Arabkir,450000,99,2025-10-06,4545.4545,13.017,2,0.4059,0.5,0.3616,1.52,0.21,1.52,2025,10,280000.0,258000.0
myrealty.am,Ajapnyak,140000,81,2025-10-09,1728.3951,11.8494,1,0.0649,0.3676,0.0933,-0.75,-0.35,-0.79,2025,10,450000.0,259000.0
realtors.am,Center,318000,74,2025-11-05,4297.2973,12.6698,4,0.2607,0.3162,0.3379,0.56,-0.58,1.31,2025,11,140000.0,291600.0
realtors.am,Arabkir,95000,55,2025-11-05,1727.2727,11.4616,2,0.0154,0.1765,0.0932,-1.07,-1.17,-0.79,2025,11,318000.0,256600.0
realtors.am,Shengavit,147000,65,2025-11-05,2261.5385,11.8982,12,0.0726,0.25,0.1441,-0.69,-0.86,-0.35,2025,11,95000.0,230000.0
realtors.am,Center,318000,74,2025-11-05,4297.2973,12.6698,4,0.2607,0.3162,0.3379,0.56,-0.58,1.31,2025,11,147000.0,203600.0
realtors.am,Shengavit,92000,55,2025-11-05,1672.7273,11.4295,12,0.0121,0.1765,0.088,-1.1,-1.17,-0.84,2025,11,318000.0,194000.0
realtors.am,Arabkir,190000,111,2025-11-06,1711.7117,12.1548,2,0.1199,0.5882,0.0917,-0.38,0.59,-0.8,2025,11,92000.0,168400.0
realtors.am,Center,260000,127,2025-11-06,2047.2441,12.4684,4,0.1969,0.7059,0.1237,0.13,1.1,-0.53,2025,11,190000.0,201400.0
realtors.am,Arabkir,190000,111,2025-11-06,1711.7117,12.1548,2,0.1199,0.5882,0.0917,-0.38,0.59,-0.8,2025,11,260000.0,210000.0
realtors.am,Center,260000,127,2025-11-06,2047.2441,12.4684,4,0.1969,0.7059,0.1237,0.13,1.1,-0.53,2025,11,190000.0,198400.0
realtors.am,Arabkir,190000,111,2025-11-06,1711.7117,12.1548,2,0.1199,0.5882,0.0917,-0.38,0.59,-0.8,2025,11,260000.0,218000.0
realtors.am,Center,260000,127,2025-11-06,2047.2441,12.4684,4,0.1969,0.7059,0.1237,0.13,1.1,-0.53,2025,11,190000.0,232000.0
realtors.am,Arabkir,185000,122,2025-11-07,1516.3934,12.1281,2,0.1144,0.6691,0.0731,-0.42,0.94,-0.96,2025,11,260000.0,217000.0
realtors.am,Arabkir,185000,122,2025-11-07,1516.3934,12.1281,2,0.1144,0.6691,0.0731,-0.42,0.94,-0.96,2025,11,185000.0,216000.0
realtors.am,Arabkir,360000,139,2025-11-07,2589.9281,12.7939,2,0.3069,0.7941,0.1753,0.87,1.48,-0.08,2025,11,185000.0,236000.0
realtors.am,Arabkir,156000,69,2025-11-07,2260.8696,11.9576,2,0.0825,0.2794,0.144,-0.63,-0.73,-0.35,2025,11,360000.0,229200.0
realtors.am,Arabkir,360000,139,2025-11-07,2589.9281,12.7939,2,0.3069,0.7941,0.1753,0.87,1.48,-0.08,2025,11,156000.0,249200.0
realtors.am,Arabkir,360000,139,2025-11-07,2589.9281,12.7939,2,0.3069,0.7941,0.1753,0.87,1.48,-0.08,2025,11,360000.0,284200.0
realtors.am,Arabkir,156000,69,2025-11-07,2260.8696,11.9576,2,0.0825,0.2794,0.144,-0.63,-0.73,-0.35,2025,11,360000.0,278400.0
realtors.am,Arabkir,156000,69,2025-11-07,2260.8696,11.9576,2,0.0825,0.2794,0.144,-0.63,-0.73,-0.35,2025,11,156000.0,237600.0
realtors.am,Arabkir,185000,122,2025-11-07,1516.3934,12.1281,2,0.1144,0.6691,0.0731,-0.42,0.94,-0.96,2025,11,156000.0,243400.0
realtors.am,Center,380000,117,2025-11-07,3247.8632,12.8479,4,0.3289,0.6324,0.238,1.01,0.78,0.45,2025,11,185000.0,247400.0
realtors.am,Ajapnyak,81000,53,2025-11-07,1528.3019,11.3022,1,0.0,0.1618,0.0743,-1.18,-1.24,-0.95,2025,11,380000.0,191600.0
realtors.am,Center,380000,117,2025-11-07,3247.8632,12.8479,4,0.3289,0.6324,0.238,1.01,0.78,0.45,2025,11,81000.0,236400.0
realtors.am,Ajapnyak,81000,53,2025-11-07,1528.3019,11.3022,1,0.0,0.1618,0.0743,-1.18,-1.24,-0.95,2025,11,380000.0,221400.0
realtors.am,Ajapnyak,81000,53,2025-11-07,1528.3019,11.3022,1,0.0,0.1618,0.0743,-1.18,-1.24,-0.95,2025,11,81000.0,200600.0
realtors.am,Center,380000,117,2025-11-07,3247.8632,12.8479,4,0.3289,0.6324,0.238,1.01,0.78,0.45,2025,11,81000.0,200600.0
realtors.am,Arabkir,175000,95,2025-11-08,1842.1053,12.0725,2,0.1034,0.4706,0.1041,-0.49,0.09,-0.7,2025,11,380000.0,219400.0
realtors.am,Center,380000,112,2025-11-08,3392.8571,12.8479,4,0.3289,0.5956,0.2518,1.01,0.62,0.57,2025,11,175000.0,219400.0
realtors.am,Center,380000,112,2025-11-08,3392.8571,12.8479,4,0.3289,0.5956,0.2518,1.01,0.62,0.57,2025,11,380000.0,279200.0
realtors.am,Center,380000,112,2025-11-08,3392.8571,12.8479,4,0.3289,0.5956,0.2518,1.01,0.62,0.57,2025,11,380000.0,339000.0
realtors.am,Arabkir,175000,95,2025-11-08,1842.1053,12.0725,2,0.1034,0.4706,0.1041,-0.49,0.09,-0.7,2025,11,380000.0,298000.0
realtors.am,Arabkir,175000,95,2025-11-08,1842.1053,12.0725,2,0.1034,0.4706,0.1041,-0.49,0.09,-0.7,2025,11,175000.0,298000.0
realtors.am,Center,375000,68,2025-11-09,5514.7059,12.8347,4,0.3234,0.2721,0.4539,0.97,-0.76,2.31,2025,11,175000.0,297000.0
realtors.am,Center,375000,68,2025-11-09,5514.7059,12.8347,4,0.3234,0.2721,0.4539,0.97,-0.76,2.31,2025,11,375000.0,296000.0
realtors.am,Center,240000,100,2025-11-10,2400.0,12.3884,4,0.1749,0.5074,0.1573,-0.01,0.25,-0.24,2025,11,375000.0,268000.0
realtors.am,Avan,146000,72,2025-11-10,2027.7778,11.8914,3,0.0715,0.3015,0.1218,-0.7,-0.64,-0.54,2025,11,240000.0,262200.0
realtors.am,Avan,146000,72,2025-11-10,2027.7778,11.8914,3,0.0715,0.3015,0.1218,-0.7,-0.64,-0.54,2025,11,146000.0,256400.0
realtors.am,Arabkir,175000,95,2025-11-10,1842.1053,12.0725,2,0.1034,0.4706,0.1041,-0.49,0.09,-0.7,2025,11,146000.0,216400.0
realtors.am,Avan,146000,72,2025-11-10,2027.7778,11.8914,3,0.0715,0.3015,0.1218,-0.7,-0.64,-0.54,2025,11,175000.0,170600.0
realtors.am,Avan,146000,72,2025-11-10,2027.7778,11.8914,3,0.0715,0.3015,0.1218,-0.7,-0.64,-0.54,2025,11,146000.0,151800.0
realtors.am,Arabkir,175000,95,2025-11-10,1842.1053,12.0725,2,0.1034,0.4706,0.1041,-0.49,0.09,-0.7,2025,11,146000.0,157600.0
realtors.am,Center,240000,100,2025-11-10,2400.0,12.3884,4,0.1749,0.5074,0.1573,-0.01,0.25,-0.24,2025,11,175000.0,176400.0
realtors.am,Center,240000,100,2025-11-10,2400.0,12.3884,4,0.1749,0.5074,0.1573,-0.01,0.25,-0.24,2025,11,240000.0,189400.0
realtors.am,Center,280000,76,2025-11-11,3684.2105,12.5425,4,0.2189,0.3309,0.2796,0.28,-0.51,0.81,2025,11,240000.0,216200.0
realtors.am,Center,280000,76,2025-11-11,3684.2105,12.5425,4,0.2189,0.3309,0.2796,0.28,-0.51,0.81,2025,11,280000.0,243000.0
realtors.am,Center,280000,76,2025-11-11,3684.2105,12.5425,4,0.2189,0.3309,0.2796,0.28,-0.51,0.81,2025,11,280000.0,264000.0
realtors.am,Kanaker-Zeytun,410000,122,2025-11-11,3360.6557,12.9239,7,0.3619,0.6691,0.2487,1.23,0.94,0.55,2025,11,280000.0,298000.0
realtors.am,Kanaker-Zeytun,410000,122,2025-11-11,3360.6557,12.9239,7,0.3619,0.6691,0.2487,1.23,0.94,0.55,2025,11,410000.0,332000.0
realtors.am,Kanaker-Zeytun,290000,98,2025-11-11,2959.1837,12.5776,7,0.2299,0.4926,0.2105,0.35,0.18,0.22,2025,11,410000.0,334000.0
realtors.am,Nor-Nork,150000,54,2025-11-11,2777.7778,11.9184,10,0.0759,0.1691,0.1932,-0.67,-1.21,0.07,2025,11,290000.0,308000.0
realtors.am,Arabkir,105000,33,2025-11-11,3181.8182,11.5617,2,0.0264,0.0147,0.2317,-1.0,-1.87,0.4,2025,11,150000.0,273000.0
realtors.am,Arabkir,115000,71,2025-11-11,1619.7183,11.6527,2,0.0374,0.2941,0.083,-0.93,-0.67,-0.88,2025,11,105000.0,214000.0
realtors.am,Nor-Nork,150000,54,2025-11-11,2777.7778,11.9184,10,0.0759,0.1691,0.1932,-0.67,-1.21,0.07,2025,11,115000.0,162000.0
realtors.am,Center,288000,75,2025-11-11,3840.0,12.5707,4,0.2277,0.3235,0.2944,0.34,-0.54,0.94,2025,11,150000.0,161600.0
realtors.am,Center,288000,75,2025-11-11,3840.0,12.5707,4,0.2277,0.3235,0.2944,0.34,-0.54,0.94,2025,11,288000.0,189200.0
realtors.am,Kanaker-Zeytun,290000,98,2025-11-11,2959.1837,12.5776,7,0.2299,0.4926,0.2105,0.35,0.18,0.22,2025,11,288000.0,226200.0
realtors.am,Arabkir,105000,33,2025-11-11,3181.8182,11.5617,2,0.0264,0.0147,0.2317,-1.0,-1.87,0.4,2025,11,290000.0,224200.0
realtors.am,Arabkir,135000,108,2025-11-11,1250.0,11.813,2,0.0594,0.5662,0.0478,-0.78,0.5,-1.18,2025,11,105000.0,221200.0
realtors.am,Center,150000,55,2025-11-11,2727.2727,11.9184,4,0.0759,0.1765,0.1884,-0.67,-1.17,0.03,2025,11,135000.0,193600.0
realtors.am,Arabkir,130000,44,2025-11-11,2954.5455,11.7753,2,0.0539,0.0956,0.2101,-0.82,-1.52,0.21,2025,11,150000.0,162000.0
realtors.am,Arabkir,130000,44,2025-11-11,2954.5455,11.7753,2,0.0539,0.0956,0.2101,-0.82,-1.52,0.21,2025,11,130000.0,130000.0
realtors.am,Arabkir,100000,45,2025-11-11,2222.2222,11.5129,2,0.0209,0.1029,0.1403,-1.04,-1.49,-0.39,2025,11,130000.0,129000.0
realtors.am,Arabkir,100000,45,2025-11-11,2222.2222,11.5129,2,0.0209,0.1029,0.1403,-1.04,-1.49,-0.39,2025,11,100000.0,122000.0
realtors.am,Arabkir,320000,122,2025-11-11,2622.9508,12.6761,2,0.2629,0.6691,0.1785,0.57,0.94,-0.06,2025,11,100000.0,156000.0
realtors.am,Arabkir,320000,122,2025-11-11,2622.9508,12.6761,2,0.2629,0.6691,0.1785,0.57,0.94,-0.06,2025,11,320000.0,194000.0
realtors.am,Arabkir,285000,110,2025-11-11,2590.9091,12.5602,2,0.2244,0.5809,0.1754,0.32,0.56,-0.08,2025,11,320000.0,225000.0
realtors.am,Arabkir,115000,71,2025-11-11,1619.7183,11.6527,2,0.0374,0.2941,0.083,-0.93,-0.67,-0.88,2025,11,285000.0,228000.0
realtors.am,Arabkir,285000,110,2025-11-11,2590.9091,12.5602,2,0.2244,0.5809,0.1754,0.32,0.56,-0.08,2025,11,115000.0,265000.0
realtors.am,Arabkir,154000,78,2025-11-11,1974.359,11.9447,2,0.0803,0.3456,0.1167,-0.64,-0.45,-0.59,2025,11,285000.0,231800.0
realtors.am,Arabkir,154000,78,2025-11-11,1974.359,11.9447,2,0.0803,0.3456,0.1167,-0.64,-0.45,-0.59,2025,11,154000.0,198600.0
realtors.am,Arabkir,194000,97,2025-11-11,2000.0,12.1756,2,0.1243,0.4853,0.1192,-0.35,0.15,-0.57,2025,11,154000.0,180400.0
realtors.am,Center,150000,55,2025-11-11,2727.2727,11.9184,4,0.0759,0.1765,0.1884,-0.67,-1.17,0.03,2025,11,194000.0,187400.0
realtors.am,Center,380000,108,2025-11-11,3518.5185,12.8479,4,0.3289,0.5662,0.2638,1.01,0.5,0.68,2025,11,150000.0,206400.0
realtors.am,Arabkir,198000,100,2025-11-11,1980.0,12.196,2,0.1287,0.5074,0.1173,-0.32,0.25,-0.58,2025,11,380000.0,215200.0
realtors.am,Center,230000,61,2025-11-11,3770.4918,12.3458,4,0.1639,0.2206,0.2878,-0.09,-0.99,0.88,2025,11,198000.0,230400.0
realtors.am,Center,162000,75,2025-11-11,2160.0,11.9954,4,0.0891,0.3235,0.1344,-0.58,-0.54,-0.44,2025,11,230000.0,224000.0
realtors.am,Center,162000,75,2025-11-11,2160.0,11.9954,4,0.0891,0.3235,0.1344,-0.58,-0.54,-0.44,2025,11,162000.0,226400.0
realtors.am,Center,290000,75,2025-11-11,3866.6667,12.5776,4,0.2299,0.3235,0.2969,0.35,-0.54,0.96,2025,11,162000.0,208400.0
realtors.am,Center,290000,75,2025-11-11,3866.6667,12.5776,4,0.2299,0.3235,0.2969,0.35,-0.54,0.96,2025,11,290000.0,226800.0
realtors.am,Arabkir,135000,108,2025-11-11,1250.0,11.813,2,0.0594,0.5662,0.0478,-0.78,0.5,-1.18,2025,11,290000.0,207800.0
realtors.am,Arabkir,200000,65,2025-11-11,3076.9231,12.2061,2,0.1309,0.25,0.2217,-0.31,-0.86,0.31,2025,11,135000.0,215400.0
realtors.am,Arabkir,200000,65,2025-11-11,3076.9231,12.2061,2,0.1309,0.25,0.2217,-0.31,-0.86,0.31,2025,11,200000.0,223000.0
realtors.am,Arabkir,198000,100,2025-11-11,1980.0,12.196,2,0.1287,0.5074,0.1173,-0.32,0.25,-0.58,2025,11,200000.0,204600.0
realtors.am,Arabkir,194000,97,2025-11-11,2000.0,12.1756,2,0.1243,0.4853,0.1192,-0.35,0.15,-0.57,2025,11,198000.0,185400.0
realtors.am,Center,180000,65,2025-11-11,2769.2308,12.1007,4,0.1089,0.25,0.1924,-0.45,-0.86,0.06,2025,11,194000.0,194400.0
realtors.am,Center,180000,65,2025-11-11,2769.2308,12.1007,4,0.1089,0.25,0.1924,-0.45,-0.86,0.06,2025,11,180000.0,190400.0
realtors.am,Kanaker-Zeytun,215000,67,2025-11-11,3208.9552,12.2784,7,0.1474,0.2647,0.2343,-0.2,-0.8,0.42,2025,11,180000.0,193400.0
realtors.am,Kanaker-Zeytun,215000,67,2025-11-11,3208.9552,12.2784,7,0.1474,0.2647,0.2343,-0.2,-0.8,0.42,2025,11,215000.0,196800.0
realtors.am,Davtashen,195000,68,2025-11-11,2867.6471,12.1808,5,0.1254,0.2721,0.2018,-0.34,-0.76,0.14,2025,11,215000.0,197000.0
realtors.am,Davtashen,195000,68,2025-11-11,2867.6471,12.1808,5,0.1254,0.2721,0.2018,-0.34,-0.76,0.14,2025,11,195000.0,200000.0
realtors.am,Davtashen,195000,68,2025-11-11,2867.6471,12.1808,5,0.1254,0.2721,0.2018,-0.34,-0.76,0.14,2025,11,195000.0,203000.0
realtors.am,Davtashen,140000,69,2025-11-11,2028.9855,11.8494,5,0.0649,0.2794,0.1219,-0.75,-0.73,-0.54,2025,11,195000.0,188000.0
realtors.am,Davtashen,140000,69,2025-11-11,2028.9855,11.8494,5,0.0649,0.2794,0.1219,-0.75,-0.73,-0.54,2025,11,140000.0,173000.0
realtors.am,Davtashen,140000,69,2025-11-11,2028.9855,11.8494,5,0.0649,0.2794,0.1219,-0.75,-0.73,-0.54,2025,11,140000.0,162000.0
realtors.am,Arabkir,230000,108,2025-11-11,2129.6296,12.3458,2,0.1639,0.5662,0.1315,-0.09,0.5,-0.46,2025,11,140000.0,169000.0
realtors.am,Arabkir,230000,108,2025-11-11,2129.6296,12.3458,2,0.1639,0.5662,0.1315,-0.09,0.5,-0.46,2025,11,230000.0,176000.0
realtors.am,Arabkir,180000,72,2025-11-11,2500.0,12.1007,2,0.1089,0.3015,0.1668,-0.45,-0.64,-0.16,2025,11,230000.0,184000.0
realtors.am,Arabkir,180000,72,2025-11-11,2500.0,12.1007,2,0.1089,0.3015,0.1668,-0.45,-0.64,-0.16,2025,11,180000.0,192000.0
realtors.am,Arabkir,180000,72,2025-11-11,2500.0,12.1007,2,0.1089,0.3015,0.1668,-0.45,-0.64,-0.16,2025,11,180000.0,200000.0
realtors.am,Center,330000,86,2025-11-11,3837.2093,12.7068,4,0.2739,0.4044,0.2941,0.65,-0.2,0.94,2025,11,180000.0,220000.0
realtors.am,Center,330000,86,2025-11-11,3837.2093,12.7068,4,0.2739,0.4044,0.2941,0.65,-0.2,0.94,2025,11,330000.0,240000.0
realtors.am,Center,230000,61,2025-11-11,3770.4918,12.3458,4,0.1639,0.2206,0.2878,-0.09,-0.99,0.88,2025,11,330000.0,250000.0
realtors.am,Center,380000,108,2025-11-11,3518.5185,12.8479,4,0.3289,0.5662,0.2638,1.01,0.5,0.68,2025,11,230000.0,290000.0
realtors.am,Arabkir,250000,108,2025-11-11,2314.8148,12.4292,2,0.1859,0.5662,0.1492,0.06,0.5,-0.31,2025,11,380000.0,304000.0
realtors.am,Arabkir,180000,72,2025-11-11,2500.0,12.1007,2,0.1089,0.3015,0.1668,-0.45,-0.64,-0.16,2025,11,250000.0,274000.0
realtors.am,Arabkir,250000,108,2025-11-11,2314.8148,12.4292,2,0.1859,0.5662,0.1492,0.06,0.5,-0.31,2025,11,180000.0,258000.0
realtors.am,Center,350000,96,2025-11-11,3645.8333,12.7657,4,0.2959,0.4779,0.2759,0.79,0.12,0.78,2025,11,250000.0,282000.0
realtors.am,Center,350000,96,2025-11-11,3645.8333,12.7657,4,0.2959,0.4779,0.2759,0.79,0.12,0.78,2025,11,350000.0,276000.0
realtors.am,Arabkir,330000,89,2025-11-11,3707.8652,12.7068,2,0.2739,0.4265,0.2818,0.65,-0.1,0.83,2025,11,350000.0,292000.0
realtors.am,Arabkir,330000,89,2025-11-11,3707.8652,12.7068,2,0.2739,0.4265,0.2818,0.65,-0.1,0.83,2025,11,330000.0,322000.0
realtors.am,Center,155000,38,2025-11-11,4078.9474,11.9512,4,0.0814,0.0515,0.3171,-0.64,-1.71,1.14,2025,11,330000.0,303000.0
realtors.am,Center,280000,86,2025-11-11,3255.814,12.5425,4,0.2189,0.4044,0.2388,0.28,-0.2,0.46,2025,11,155000.0,289000.0
realtors.am,Center,280000,86,2025-11-11,3255.814,12.5425,4,0.2189,0.4044,0.2388,0.28,-0.2,0.46,2025,11,280000.0,275000.0
realtors.am,Center,375000,86,2025-11-11,4360.4651,12.8347,4,0.3234,0.4044,0.3439,0.97,-0.2,1.37,2025,11,280000.0,284000.0
realtors.am,Center,375000,86,2025-11-11,4360.4651,12.8347,4,0.3234,0.4044,0.3439,0.97,-0.2,1.37,2025,11,375000.0,293000.0
realtors.am,Arabkir,160000,91,2025-11-11,1758.2418,11.9829,2,0.0869,0.4412,0.0962,-0.6,-0.04,-0.77,2025,11,375000.0,294000.0
realtors.am,Arabkir,205000,126,2025-11-11,1626.9841,12.2308,2,0.1364,0.6985,0.0837,-0.27,1.07,-0.87,2025,11,160000.0,279000.0
realtors.am,Arabkir,185000,77,2025-11-11,2402.5974,12.1281,2,0.1144,0.3382,0.1575,-0.42,-0.48,-0.24,2025,11,205000.0,260000.0
realtors.am,Arabkir,205000,126,2025-11-11,1626.9841,12.2308,2,0.1364,0.6985,0.0837,-0.27,1.07,-0.87,2025,11,185000.0,226000.0
realtors.am,Nor-Nork,375000,135,2025-11-11,2777.7778,12.8347,10,0.3234,0.7647,0.1932,0.97,1.35,0.07,2025,11,205000.0,226000.0
realtors.am,Nor-Nork,375000,135,2025-11-11,2777.7778,12.8347,10,0.3234,0.7647,0.1932,0.97,1.35,0.07,2025,11,375000.0,269000.0
realtors.am,Ajapnyak,164000,69,2025-11-11,2376.8116,12.0076,1,0.0913,0.2794,0.1551,-0.57,-0.73,-0.26,2025,11,375000.0,260800.0
realtors.am,Ajapnyak,164000,69,2025-11-11,2376.8116,12.0076,1,0.0913,0.2794,0.1551,-0.57,-0.73,-0.26,2025,11,164000.0,256600.0
realtors.am,Ajapnyak,164000,69,2025-11-11,2376.8116,12.0076,1,0.0913,0.2794,0.1551,-0.57,-0.73,-0.26,2025,11,164000.0,248400.0
realtors.am,Arabkir,107000,47,2025-11-11,2276.5957,11.5806,2,0.0286,0.1176,0.1455,-0.99,-1.43,-0.34,2025,11,164000.0,194800.0
realtors.am,Arabkir,107000,47,2025-11-11,2276.5957,11.5806,2,0.0286,0.1176,0.1455,-0.99,-1.43,-0.34,2025,11,107000.0,141200.0
realtors.am,Arabkir,107000,47,2025-11-11,2276.5957,11.5806,2,0.0286,0.1176,0.1455,-0.99,-1.43,-0.34,2025,11,107000.0,129800.0
realtors.am,Avan,156000,73,2025-11-11,2136.9863,11.9576,3,0.0825,0.3088,0.1322,-0.63,-0.61,-0.46,2025,11,107000.0,128200.0
realtors.am,Avan,156000,73,2025-11-11,2136.9863,11.9576,3,0.0825,0.3088,0.1322,-0.63,-0.61,-0.46,2025,11,156000.0,126600.0
realtors.am,Avan,156000,73,2025-11-11,2136.9863,11.9576,3,0.0825,0.3088,0.1322,-0.63,-0.61,-0.46,2025,11,156000.0,136400.0
realtors.am,Arabkir,205000,126,2025-11-11,1626.9841,12.2308,2,0.1364,0.6985,0.0837,-0.27,1.07,-0.87,2025,11,156000.0,156000.0
realtors.am,Arabkir,185000,77,2025-11-11,2402.5974,12.1281,2,0.1144,0.3382,0.1575,-0.42,-0.48,-0.24,2025,11,205000.0,171600.0
realtors.am,Center,155000,38,2025-11-11,4078.9474,11.9512,4,0.0814,0.0515,0.3171,-0.64,-1.71,1.14,2025,11,185000.0,171400.0
realtors.am,Arabkir,215000,71,2025-11-11,3028.169,12.2784,2,0.1474,0.2941,0.2171,-0.2,-0.67,0.27,2025,11,155000.0,183200.0
realtors.am,Arabkir,480000,120,2025-11-11,4000.0,13.0815,2,0.4389,0.6544,0.3096,1.74,0.88,1.07,2025,11,215000.0,248000.0
realtors.am,Arabkir,480000,120,2025-11-11,4000.0,13.0815,2,0.4389,0.6544,0.3096,1.74,0.88,1.07,2025,11,480000.0,303000.0
realtors.am,Davtashen,180000,90,2025-11-11,2000.0,12.1007,5,0.1089,0.4338,0.1192,-0.45,-0.07,-0.57,2025,11,480000.0,302000.0
realtors.am,Davtashen,180000,90,2025-11-11,2000.0,12.1007,5,0.1089,0.4338,0.1192,-0.45,-0.07,-0.57,2025,11,180000.0,307000.0
realtors.am,Ajapnyak,130000,94,2025-11-11,1382.9787,11.7753,1,0.0539,0.4632,0.0604,-0.82,0.06,-1.07,2025,11,180000.0,290000.0
realtors.am,Ajapnyak,130000,94,2025-11-11,1382.9787,11.7753,1,0.0539,0.4632,0.0604,-0.82,0.06,-1.07,2025,11,130000.0,220000.0
realtors.am,Arabkir,215000,71,2025-11-11,3028.169,12.2784,2,0.1474,0.2941,0.2171,-0.2,-0.67,0.27,2025,11,130000.0,167000.0
realtors.am,Arabkir,260000,114,2025-11-11,2280.7018,12.4684,2,0.1969,0.6103,0.1459,0.13,0.69,-0.34,2025,11,215000.0,183000.0
realtors.am,Arabkir,250000,108,2025-11-11,2314.8148,12.4292,2,0.1859,0.5662,0.1492,0.06,0.5,-0.31,2025,11,260000.0,197000.0
realtors.am,Arabkir,180000,72,2025-11-11,2500.0,12.1007,2,0.1089,0.3015,0.1668,-0.45,-0.64,-0.16,2025,11,250000.0,207000.0
realtors.am,Center,400000,104,2025-11-11,3846.1538,12.8992,4,0.3509,0.5368,0.295,1.16,0.37,0.94,2025,11,180000.0,261000.0
realtors.am,Center,400000,104,2025-11-11,3846.1538,12.8992,4,0.3509,0.5368,0.295,1.16,0.37,0.94,2025,11,400000.0,298000.0
realtors.am,Center,130000,31,2025-11-11,4193.5484,11.7753,4,0.0539,0.0,0.3281,-0.82,-1.93,1.23,2025,11,400000.0,272000.0
realtors.am,Arabkir,260000,114,2025-11-11,2280.7018,12.4684,2,0.1969,0.6103,0.1459,0.13,0.69,-0.34,2025,11,130000.0,274000.0
realtors.am,Kanaker-Zeytun,320000,97,2025-11-11,3298.9691,12.6761,7,0.2629,0.4853,0.2429,0.57,0.15,0.5,2025,11,260000.0,302000.0
realtors.am,Center,130000,31,2025-11-11,4193.5484,11.7753,4,0.0539,0.0,0.3281,-0.82,-1.93,1.23,2025,11,320000.0,248000.0
realtors.am,Arabkir,143000,48,2025-11-11,2979.1667,11.8706,2,0.0682,0.125,0.2124,-0.72,-1.4,0.23,2025,11,130000.0,196600.0
realtors.am,Arabkir,143000,48,2025-11-11,2979.1667,11.8706,2,0.0682,0.125,0.2124,-0.72,-1.4,0.23,2025,11,143000.0,199200.0
realtors.am,Arabkir,360000,160,2025-11-11,2250.0,12.7939,2,0.3069,0.9485,0.143,0.87,2.14,-0.36,2025,11,143000.0,219200.0
realtors.am,Arabkir,360000,160,2025-11-11,2250.0,12.7939,2,0.3069,0.9485,0.143,0.87,2.14,-0.36,2025,11,360000.0,227200.0
realtors.am,Arabkir,360000,160,2025-11-11,2250.0,12.7939,2,0.3069,0.9485,0.143,0.87,2.14,-0.36,2025,11,360000.0,273200.0
realtors.am,Center,290000,70,2025-11-11,4142.8571,12.5776,4,0.2299,0.2868,0.3232,0.35,-0.7,1.19,2025,11,360000.0,302600.0
realtors.am,Center,290000,70,2025-11-11,4142.8571,12.5776,4,0.2299,0.2868,0.3232,0.35,-0.7,1.19,2025,11,290000.0,332000.0
realtors.am,Center,290000,70,2025-11-11,4142.8571,12.5776,4,0.2299,0.2868,0.3232,0.35,-0.7,1.19,2025,11,290000.0,318000.0
realtors.am,Kanaker-Zeytun,320000,97,2025-11-11,3298.9691,12.6761,7,0.2629,0.4853,0.2429,0.57,0.15,0.5,2025,11,290000.0,310000.0
realtors.am,Kanaker-Zeytun,320000,97,2025-11-11,3298.9691,12.6761,7,0.2629,0.4853,0.2429,0.57,0.15,0.5,2025,11,320000.0,302000.0
realtors.am,Arabkir,170000,72,2025-11-12,2361.1111,12.0436,2,0.0979,0.3015,0.1536,-0.53,-0.64,-0.27,2025,11,320000.0,278000.0
realtors.am,Ajapnyak,160000,80,2025-11-12,2000.0,11.9829,1,0.0869,0.3603,0.1192,-0.6,-0.39,-0.57,2025,11,170000.0,252000.0
realtors.am,Ajapnyak,160000,80,2025-11-12,2000.0,11.9829,1,0.0869,0.3603,0.1192,-0.6,-0.39,-0.57,2025,11,160000.0,226000.0
realtors.am,Arabkir,170000,72,2025-11-12,2361.1111,12.0436,2,0.0979,0.3015,0.1536,-0.53,-0.64,-0.27,2025,11,160000.0,196000.0
realtors.am,Ajapnyak,160000,80,2025-11-12,2000.0,11.9829,1,0.0869,0.3603,0.1192,-0.6,-0.39,-0.57,2025,11,170000.0,164000.0
realtors.am,Arabkir,170000,72,2025-11-12,2361.1111,12.0436,2,0.0979,0.3015,0.1536,-0.53,-0.64,-0.27,2025,11,160000.0,164000.0
myrealty.am,Center,125000,74,2025-11-12,1689.1892,11.7361,4,0.0484,0.3162,0.0896,-0.86,-0.58,-0.82,2025,11,170000.0,157000.0
realtors.am,Arabkir,135000,85,2025-11-12,1588.2353,11.813,2,0.0594,0.3971,0.08,-0.78,-0.23,-0.9,2025,11,125000.0,152000.0
realtors.am,Arabkir,135000,85,2025-11-12,1588.2353,11.813,2,0.0594,0.3971,0.08,-0.78,-0.23,-0.9,2025,11,135000.0,145000.0
realtors.am,Arabkir,225000,68,2025-11-12,3308.8235,12.3239,2,0.1584,0.2721,0.2438,-0.12,-0.76,0.5,2025,11,135000.0,158000.0
realtors.am,Arabkir,225000,68,2025-11-12,3308.8235,12.3239,2,0.1584,0.2721,0.2438,-0.12,-0.76,0.5,2025,11,225000.0,169000.0
realtors.am,Kanaker-Zeytun,149000,64,2025-11-12,2328.125,11.9117,7,0.0748,0.2426,0.1504,-0.68,-0.89,-0.3,2025,11,225000.0,173800.0
realtors.am,Arabkir,135000,85,2025-11-12,1588.2353,11.813,2,0.0594,0.3971,0.08,-0.78,-0.23,-0.9,2025,11,149000.0,173800.0
realtors.am,Kanaker-Zeytun,149000,64,2025-11-12,2328.125,11.9117,7,0.0748,0.2426,0.1504,-0.68,-0.89,-0.3,2025,11,135000.0,176600.0
realtors.am,Arabkir,185000,88,2025-11-12,2102.2727,12.1281,2,0.1144,0.4191,0.1289,-0.42,-0.13,-0.48,2025,11,149000.0,168600.0
realtors.am,Center,380000,105,2025-11-12,3619.0476,12.8479,4,0.3289,0.5441,0.2733,1.01,0.4,0.76,2025,11,185000.0,199600.0
realtors.am,Center,380000,105,2025-11-12,3619.0476,12.8479,4,0.3289,0.5441,0.2733,1.01,0.4,0.76,2025,11,380000.0,245800.0
realtors.am,Center,380000,105,2025-11-12,3619.0476,12.8479,4,0.3289,0.5441,0.2733,1.01,0.4,0.76,2025,11,380000.0,294800.0
realtors.am,Kanaker-Zeytun,149000,64,2025-11-12,2328.125,11.9117,7,0.0748,0.2426,0.1504,-0.68,-0.89,-0.3,2025,11,380000.0,294800.0
realtors.am,Arabkir,185000,88,2025-11-12,2102.2727,12.1281,2,0.1144,0.4191,0.1289,-0.42,-0.13,-0.48,2025,11,149000.0,294800.0
realtors.am,Arabkir,185000,88,2025-11-12,2102.2727,12.1281,2,0.1144,0.4191,0.1289,-0.42,-0.13,-0.48,2025,11,185000.0,255800.0
realtors.am,Center,310000,95,2025-11-12,3263.1579,12.6443,4,0.2519,0.4706,0.2395,0.5,0.09,0.47,2025,11,185000.0,241800.0
realtors.am,Center,310000,95,2025-11-12,3263.1579,12.6443,4,0.2519,0.4706,0.2395,0.5,0.09,0.47,2025,11,310000.0,227800.0
myrealty.am,Center,125000,74,2025-11-12,1689.1892,11.7361,4,0.0484,0.3162,0.0896,-0.86,-0.58,-0.82,2025,11,310000.0,223000.0
myrealty.am,Center,125000,74,2025-11-12,1689.1892,11.7361,4,0.0484,0.3162,0.0896,-0.86,-0.58,-0.82,2025,11,125000.0,211000.0
myrealty.am,Kanaqer-Zeytun,125000,83,2025-11-12,1506.0241,11.7361,8,0.0484,0.3824,0.0721,-0.86,-0.29,-0.97,2025,11,125000.0,199000.0
myrealty.am,Kanaqer-Zeytun,125000,83,2025-11-12,1506.0241,11.7361,8,0.0484,0.3824,0.0721,-0.86,-0.29,-0.97,2025,11,125000.0,162000.0
myrealty.am,Kanaqer-Zeytun,125000,83,2025-11-12,1506.0241,11.7361,8,0.0484,0.3824,0.0721,-0.86,-0.29,-0.97,2025,11,125000.0,125000.0
realtors.am,Arabkir,275000,84,2025-11-13,3273.8095,12.5245,2,0.2134,0.3897,0.2405,0.24,-0.26,0.48,2025,11,125000.0,155000.0
realtors.am,Center,340000,122,2025-11-13,2786.8852,12.7367,4,0.2849,0.6691,0.1941,0.72,0.94,0.08,2025,11,275000.0,198000.0
realtors.am,Center,340000,122,2025-11-13,2786.8852,12.7367,4,0.2849,0.6691,0.1941,0.72,0.94,0.08,2025,11,340000.0,241000.0
realtors.am,Shengavit,155000,92,2025-11-14,1684.7826,11.9512,12,0.0814,0.4485,0.0892,-0.64,-0.01,-0.83,2025,11,340000.0,247000.0
realtors.am,Arabkir,185000,112,2025-11-14,1651.7857,12.1281,2,0.1144,0.5956,0.086,-0.42,0.62,-0.85,2025,11,155000.0,259000.0
realtors.am,Center,535000,130,2025-11-14,4115.3846,13.19,4,0.4994,0.7279,0.3206,2.15,1.19,1.17,2025,11,185000.0,311000.0
realtors.am,Center,535000,130,2025-11-14,4115.3846,13.19,4,0.4994,0.7279,0.3206,2.15,1.19,1.17,2025,11,535000.0,350000.0
realtors.am,Center,535000,130,2025-11-14,4115.3846,13.19,4,0.4994,0.7279,0.3206,2.15,1.19,1.17,2025,11,535000.0,389000.0
realtors.am,Center,420000,108,2025-11-14,3888.8889,12.948,4,0.3729,0.5662,0.299,1.3,0.5,0.98,2025,11,535000.0,442000.0
realtors.am,Arabkir,175000,87,2025-11-14,2011.4943,12.0725,2,0.1034,0.4118,0.1203,-0.49,-0.16,-0.56,2025,11,420000.0,440000.0
realtors.am,Arabkir,175000,87,2025-11-14,2011.4943,12.0725,2,0.1034,0.4118,0.1203,-0.49,-0.16,-0.56,2025,11,175000.0,368000.0
realtors.am,Shengavit,155000,92,2025-11-14,1684.7826,11.9512,12,0.0814,0.4485,0.0892,-0.64,-0.01,-0.83,2025,11,175000.0,292000.0
realtors.am,Kanaker-Zeytun,233000,123,2025-11-14,1894.3089,12.3588,7,0.1672,0.6765,0.1091,-0.06,0.97,-0.65,2025,11,155000.0,231600.0
realtors.am,Arabkir,125000,45,2025-11-14,2777.7778,11.7361,2,0.0484,0.1029,0.1932,-0.86,-1.49,0.07,2025,11,233000.0,172600.0
realtors.am,Arabkir,125000,45,2025-11-14,2777.7778,11.7361,2,0.0484,0.1029,0.1932,-0.86,-1.49,0.07,2025,11,125000.0,162600.0
realtors.am,Arabkir,220000,101,2025-11-14,2178.2178,12.3014,2,0.1529,0.5147,0.1361,-0.16,0.28,-0.42,2025,11,125000.0,171600.0
realtors.am,Arabkir,220000,101,2025-11-14,2178.2178,12.3014,2,0.1529,0.5147,0.1361,-0.16,0.28,-0.42,2025,11,220000.0,184600.0
realtors.am,Arabkir,220000,101,2025-11-14,2178.2178,12.3014,2,0.1529,0.5147,0.1361,-0.16,0.28,-0.42,2025,11,220000.0,182000.0
realtors.am,Center,420000,108,2025-11-14,3888.8889,12.948,4,0.3729,0.5662,0.299,1.3,0.5,0.98,2025,11,220000.0,241000.0
realtors.am,Kanaker-Zeytun,233000,123,2025-11-14,1894.3089,12.3588,7,0.1672,0.6765,0.1091,-0.06,0.97,-0.65,2025,11,420000.0,262600.0
realtors.am,Kanaker-Zeytun,233000,123,2025-11-14,1894.3089,12.3588,7,0.1672,0.6765,0.1091,-0.06,0.97,-0.65,2025,11,233000.0,265200.0
realtors.am,Arabkir,225000,114,2025-11-14,1973.6842,12.3239,2,0.1584,0.6103,0.1167,-0.12,0.69,-0.59,2025,11,233000.0,266200.0
realtors.am,Shengavit,155000,92,2025-11-14,1684.7826,11.9512,12,0.0814,0.4485,0.0892,-0.64,-0.01,-0.83,2025,11,225000.0,253200.0
realtors.am,Center,420000,108,2025-11-14,3888.8889,12.948,4,0.3729,0.5662,0.299,1.3,0.5,0.98,2025,11,155000.0,253200.0
realtors.am,Kanaker-Zeytun,199000,114,2025-11-14,1745.614,12.2011,7,0.1298,0.6103,0.0949,-0.31,0.69,-0.78,2025,11,420000.0,246400.0
realtors.am,Center,117000,64,2025-11-14,1828.125,11.6699,4,0.0396,0.2426,0.1028,-0.91,-0.89,-0.71,2025,11,199000.0,223200.0
realtors.am,Arabkir,225000,114,2025-11-14,1973.6842,12.3239,2,0.1584,0.6103,0.1167,-0.12,0.69,-0.59,2025,11,117000.0,223200.0
realtors.am,Arabkir,333000,152,2025-11-14,2190.7895,12.7159,2,0.2772,0.8897,0.1373,0.67,1.89,-0.41,2025,11,225000.0,258800.0
realtors.am,Arabkir,333000,152,2025-11-14,2190.7895,12.7159,2,0.2772,0.8897,0.1373,0.67,1.89,-0.41,2025,11,333000.0,241400.0
realtors.am,Kanaker-Zeytun,200000,114,2025-11-14,1754.386,12.2061,7,0.1309,0.6103,0.0958,-0.31,0.69,-0.77,2025,11,333000.0,241600.0
realtors.am,Kanaker-Zeytun,200000,114,2025-11-14,1754.386,12.2061,7,0.1309,0.6103,0.0958,-0.31,0.69,-0.77,2025,11,200000.0,258200.0
realtors.am,Kanaker-Zeytun,200000,114,2025-11-14,1754.386,12.2061,7,0.1309,0.6103,0.0958,-0.31,0.69,-0.77,2025,11,200000.0,253200.0
realtors.am,Kanaker-Zeytun,147000,82,2025-11-14,1792.6829,11.8982,7,0.0726,0.375,0.0994,-0.69,-0.32,-0.74,2025,11,200000.0,216000.0
realtors.am,Kanaker-Zeytun,147000,82,2025-11-14,1792.6829,11.8982,7,0.0726,0.375,0.0994,-0.69,-0.32,-0.74,2025,11,147000.0,178800.0
realtors.am,Kanaker-Zeytun,147000,82,2025-11-14,1792.6829,11.8982,7,0.0726,0.375,0.0994,-0.69,-0.32,-0.74,2025,11,147000.0,168200.0
realtors.am,Kanaker-Zeytun,142000,82,2025-11-14,1731.7073,11.8636,7,0.0671,0.375,0.0936,-0.73,-0.32,-0.79,2025,11,147000.0,156600.0
realtors.am,Kanaker-Zeytun,142000,82,2025-11-14,1731.7073,11.8636,7,0.0671,0.375,0.0936,-0.73,-0.32,-0.79,2025,11,142000.0,145000.0
realtors.am,Kanaker-Zeytun,142000,82,2025-11-14,1731.7073,11.8636,7,0.0671,0.375,0.0936,-0.73,-0.32,-0.79,2025,11,142000.0,144000.0
realtors.am,Kanaker-Zeytun,199000,114,2025-11-14,1745.614,12.2011,7,0.1298,0.6103,0.0949,-0.31,0.69,-0.78,2025,11,142000.0,154400.0
realtors.am,Kanaker-Zeytun,199000,114,2025-11-14,1745.614,12.2011,7,0.1298,0.6103,0.0949,-0.31,0.69,-0.78,2025,11,199000.0,164800.0
realtors.am,Center,117000,64,2025-11-14,1828.125,11.6699,4,0.0396,0.2426,0.1028,-0.91,-0.89,-0.71,2025,11,199000.0,159800.0
realtors.am,Center,117000,64,2025-11-14,1828.125,11.6699,4,0.0396,0.2426,0.1028,-0.91,-0.89,-0.71,2025,11,117000.0,154800.0
realtors.am,Center,117000,64,2025-11-14,1828.125,11.6699,4,0.0396,0.2426,0.1028,-0.91,-0.89,-0.71,2025,11,117000.0,149800.0
realtors.am,Center,117000,64,2025-11-14,1828.125,11.6699,4,0.0396,0.2426,0.1028,-0.91,-0.89,-0.71,2025,11,117000.0,133400.0
realtors.am,Ajapnyak,160000,100,2025-11-14,1600.0,11.9829,1,0.0869,0.5074,0.0811,-0.6,0.25,-0.9,2025,11,117000.0,125600.0
realtors.am,Arabkir,256000,142,2025-11-14,1802.8169,12.4529,2,0.1925,0.8162,0.1004,0.1,1.57,-0.73,2025,11,160000.0,153400.0
realtors.am,Arabkir,225000,114,2025-11-14,1973.6842,12.3239,2,0.1584,0.6103,0.1167,-0.12,0.69,-0.59,2025,11,256000.0,175000.0
realtors.am,Ajapnyak,160000,100,2025-11-14,1600.0,11.9829,1,0.0869,0.5074,0.0811,-0.6,0.25,-0.9,2025,11,225000.0,183600.0
realtors.am,Malatia-Sebastia,255000,100,2025-11-14,2550.0,12.449,9,0.1914,0.5074,0.1715,0.1,0.25,-0.12,2025,11,160000.0,211200.0
realtors.am,Ajapnyak,160000,100,2025-11-14,1600.0,11.9829,1,0.0869,0.5074,0.0811,-0.6,0.25,-0.9,2025,11,255000.0,211200.0
realtors.am,Arabkir,96000,40,2025-11-14,2400.0,11.4721,2,0.0165,0.0662,0.1573,-1.07,-1.65,-0.24,2025,11,160000.0,179200.0
realtors.am,Arabkir,96000,40,2025-11-14,2400.0,11.4721,2,0.0165,0.0662,0.1573,-1.07,-1.65,-0.24,2025,11,96000.0,153400.0
realtors.am,Arabkir,96000,40,2025-11-14,2400.0,11.4721,2,0.0165,0.0662,0.1573,-1.07,-1.65,-0.24,2025,11,96000.0,140600.0
realtors.am,Center,168000,50,2025-11-14,3360.0,12.0317,4,0.0957,0.1397,0.2487,-0.54,-1.33,0.55,2025,11,96000.0,123200.0
realtors.am,Center,168000,50,2025-11-14,3360.0,12.0317,4,0.0957,0.1397,0.2487,-0.54,-1.33,0.55,2025,11,168000.0,124800.0
realtors.am,Arabkir,256000,142,2025-11-14,1802.8169,12.4529,2,0.1925,0.8162,0.1004,0.1,1.57,-0.73,2025,11,168000.0,156800.0
realtors.am,Malatia-Sebastia,255000,100,2025-11-14,2550.0,12.449,9,0.1914,0.5074,0.1715,0.1,0.25,-0.12,2025,11,256000.0,188600.0
realtors.am,Center,335000,95,2025-11-15,3526.3158,12.7219,4,0.2794,0.4706,0.2645,0.68,0.09,0.68,2025,11,255000.0,236400.0
realtors.am,Arabkir,130000,45,2025-11-15,2888.8889,11.7753,2,0.0539,0.1029,0.2038,-0.82,-1.49,0.16,2025,11,335000.0,228800.0
realtors.am,Arabkir,205000,80,2025-11-15,2562.5,12.2308,2,0.1364,0.3603,0.1727,-0.27,-0.39,-0.11,2025,11,130000.0,236200.0
realtors.am,Arabkir,205000,80,2025-11-15,2562.5,12.2308,2,0.1364,0.3603,0.1727,-0.27,-0.39,-0.11,2025,11,205000.0,226000.0
realtors.am,Center,335000,95,2025-11-15,3526.3158,12.7219,4,0.2794,0.4706,0.2645,0.68,0.09,0.68,2025,11,205000.0,242000.0
realtors.am,Kanaker-Zeytun,192000,107,2025-11-15,1794.3925,12.1653,7,0.1221,0.5588,0.0996,-0.36,0.47,-0.74,2025,11,335000.0,213400.0
realtors.am,Kanaker-Zeytun,192000,107,2025-11-15,1794.3925,12.1653,7,0.1221,0.5588,0.0996,-0.36,0.47,-0.74,2025,11,192000.0,225800.0
realtors.am,Kanaker-Zeytun,192000,107,2025-11-15,1794.3925,12.1653,7,0.1221,0.5588,0.0996,-0.36,0.47,-0.74,2025,11,192000.0,223200.0
realtors.am,Arabkir,205000,80,2025-11-15,2562.5,12.2308,2,0.1364,0.3603,0.1727,-0.27,-0.39,-0.11,2025,11,192000.0,223200.0
realtors.am,Arabkir,130000,72,2025-11-16,1805.5556,11.7753,2,0.0539,0.3015,0.1007,-0.82,-0.64,-0.73,2025,11,205000.0,182200.0
realtors.am,Arabkir,130000,72,2025-11-16,1805.5556,11.7753,2,0.0539,0.3015,0.1007,-0.82,-0.64,-0.73,2025,11,130000.0,169800.0
realtors.am,Kanaker-Zeytun,125000,83,2025-11-16,1506.0241,11.7361,7,0.0484,0.3824,0.0721,-0.86,-0.29,-0.97,2025,11,130000.0,156400.0
realtors.am,Davtashen,290000,104,2025-11-16,2788.4615,12.5776,5,0.2299,0.5368,0.1943,0.35,0.37,0.08,2025,11,125000.0,176000.0
realtors.am,Kanaker-Zeytun,125000,83,2025-11-16,1506.0241,11.7361,7,0.0484,0.3824,0.0721,-0.86,-0.29,-0.97,2025,11,290000.0,160000.0
realtors.am,Arabkir,280000,100,2025-11-16,2800.0,12.5425,2,0.2189,0.5074,0.1954,0.28,0.25,0.09,2025,11,125000.0,190000.0
realtors.am,Arabkir,280000,100,2025-11-16,2800.0,12.5425,2,0.2189,0.5074,0.1954,0.28,0.25,0.09,2025,11,280000.0,220000.0
realtors.am,Arabkir,280000,100,2025-11-16,2800.0,12.5425,2,0.2189,0.5074,0.1954,0.28,0.25,0.09,2025,11,280000.0,251000.0
realtors.am,Arabkir,230000,90,2025-11-16,2555.5556,12.3458,2,0.1639,0.4338,0.1721,-0.09,-0.07,-0.11,2025,11,280000.0,239000.0
realtors.am,Arabkir,230000,90,2025-11-16,2555.5556,12.3458,2,0.1639,0.4338,0.1721,-0.09,-0.07,-0.11,2025,11,230000.0,260000.0
realtors.am,Arabkir,230000,90,2025-11-16,2555.5556,12.3458,2,0.1639,0.4338,0.1721,-0.09,-0.07,-0.11,2025,11,230000.0,250000.0
realtors.am,Kanaker-Zeytun,125000,83,2025-11-16,1506.0241,11.7361,7,0.0484,0.3824,0.0721,-0.86,-0.29,-0.97,2025,11,230000.0,219000.0
realtors.am,Davtashen,290000,104,2025-11-16,2788.4615,12.5776,5,0.2299,0.5368,0.1943,0.35,0.37,0.08,2025,11,125000.0,221000.0
realtors.am,Davtashen,290000,104,2025-11-16,2788.4615,12.5776,5,0.2299,0.5368,0.1943,0.35,0.37,0.08,2025,11,290000.0,233000.0
realtors.am,Center,175000,80,2025-11-17,2187.5,12.0725,4,0.1034,0.3603,0.137,-0.49,-0.39,-0.41,2025,11,290000.0,222000.0
realtors.am,Arabkir,142000,80,2025-11-17,1775.0,11.8636,2,0.0671,0.3603,0.0977,-0.73,-0.39,-0.75,2025,11,175000.0,204400.0
realtors.am,Arabkir,142000,80,2025-11-17,1775.0,11.8636,2,0.0671,0.3603,0.0977,-0.73,-0.39,-0.75,2025,11,142000.0,207800.0
realtors.am,Center,175000,80,2025-11-17,2187.5,12.0725,4,0.1034,0.3603,0.137,-0.49,-0.39,-0.41,2025,11,142000.0,184800.0
realtors.am,Center,479000,167,2025-11-17,2868.2635,13.0795,4,0.4378,1.0,0.2019,1.74,2.36,0.14,2025,11,175000.0,222600.0
realtors.am,Center,479000,167,2025-11-17,2868.2635,13.0795,4,0.4378,1.0,0.2019,1.74,2.36,0.14,2025,11,479000.0,283400.0
realtors.am,Arabkir,142000,80,2025-11-17,1775.0,11.8636,2,0.0671,0.3603,0.0977,-0.73,-0.39,-0.75,2025,11,479000.0,283400.0
realtors.am,Arabkir,499000,167,2025-11-17,2988.024,13.1204,2,0.4598,1.0,0.2133,1.88,2.36,0.24,2025,11,142000.0,354800.0
realtors.am,Center,250000,83,2025-11-17,3012.0482,12.4292,4,0.1859,0.3824,0.2155,0.06,-0.29,0.26,2025,11,499000.0,369800.0
realtors.am,Arabkir,499000,167,2025-11-17,2988.024,13.1204,2,0.4598,1.0,0.2133,1.88,2.36,0.24,2025,11,250000.0,373800.0
realtors.am,Center,139000,78,2025-11-17,1782.0513,11.8422,4,0.0638,0.3456,0.0984,-0.75,-0.45,-0.75,2025,11,499000.0,305800.0
realtors.am,Center,139000,78,2025-11-17,1782.0513,11.8422,4,0.0638,0.3456,0.0984,-0.75,-0.45,-0.75,2025,11,139000.0,305200.0
realtors.am,Center,139000,78,2025-11-17,1782.0513,11.8422,4,0.0638,0.3456,0.0984,-0.75,-0.45,-0.75,2025,11,139000.0,233200.0
realtors.am,Center,380000,130,2025-11-17,2923.0769,12.8479,4,0.3289,0.7279,0.2071,1.01,1.19,0.19,2025,11,139000.0,259200.0
realtors.am,Center,380000,130,2025-11-17,2923.0769,12.8479,4,0.3289,0.7279,0.2071,1.01,1.19,0.19,2025,11,380000.0,235400.0
realtors.am,Center,479000,167,2025-11-17,2868.2635,13.0795,4,0.4378,1.0,0.2019,1.74,2.36,0.14,2025,11,380000.0,303400.0
realtors.am,Arabkir,499000,167,2025-11-17,2988.024,13.1204,2,0.4598,1.0,0.2133,1.88,2.36,0.24,2025,11,479000.0,375400.0
realtors.am,Center,500000,95,2025-11-17,5263.1579,13.1224,4,0.4609,0.4706,0.4299,1.89,0.09,2.11,2025,11,499000.0,447600.0
realtors.am,Arabkir,180000,109,2025-11-17,1651.3761,12.1007,2,0.1089,0.5735,0.086,-0.45,0.53,-0.85,2025,11,500000.0,407600.0
realtors.am,Center,500000,95,2025-11-17,5263.1579,13.1224,4,0.4609,0.4706,0.4299,1.89,0.09,2.11,2025,11,180000.0,431600.0
realtors.am,Center,250000,83,2025-11-17,3012.0482,12.4292,4,0.1859,0.3824,0.2155,0.06,-0.29,0.26,2025,11,500000.0,385800.0
realtors.am,Center,250000,83,2025-11-17,3012.0482,12.4292,4,0.1859,0.3824,0.2155,0.06,-0.29,0.26,2025,11,250000.0,336000.0
realtors.am,Center,142000,73,2025-11-17,1945.2055,11.8636,4,0.0671,0.3088,0.114,-0.73,-0.61,-0.61,2025,11,250000.0,264400.0
realtors.am,Center,142000,73,2025-11-17,1945.2055,11.8636,4,0.0671,0.3088,0.114,-0.73,-0.61,-0.61,2025,11,142000.0,256800.0
realtors.am,Center,142000,73,2025-11-17,1945.2055,11.8636,4,0.0671,0.3088,0.114,-0.73,-0.61,-0.61,2025,11,142000.0,185200.0
realtors.am,Arabkir,285000,127,2025-11-17,2244.0945,12.5602,2,0.2244,0.7059,0.1424,0.32,1.1,-0.37,2025,11,142000.0,192200.0
realtors.am,Arabkir,285000,127,2025-11-17,2244.0945,12.5602,2,0.2244,0.7059,0.1424,0.32,1.1,-0.37,2025,11,285000.0,199200.0
realtors.am,Arabkir,285000,127,2025-11-17,2244.0945,12.5602,2,0.2244,0.7059,0.1424,0.32,1.1,-0.37,2025,11,285000.0,227800.0
realtors.am,Center,235000,90,2025-11-17,2611.1111,12.3673,4,0.1694,0.4338,0.1774,-0.05,-0.07,-0.07,2025,11,285000.0,246400.0
realtors.am,Center,235000,90,2025-11-17,2611.1111,12.3673,4,0.1694,0.4338,0.1774,-0.05,-0.07,-0.07,2025,11,235000.0,265000.0
realtors.am,Center,169000,31,2025-11-17,5451.6129,12.0377,4,0.0968,0.0,0.4479,-0.53,-1.93,2.26,2025,11,235000.0,241800.0
realtors.am,Center,500000,95,2025-11-17,5263.1579,13.1224,4,0.4609,0.4706,0.4299,1.89,0.09,2.11,2025,11,169000.0,284800.0
realtors.am,Center,169000,31,2025-11-17,5451.6129,12.0377,4,0.0968,0.0,0.4479,-0.53,-1.93,2.26,2025,11,500000.0,261600.0
realtors.am,Arabkir,180000,109,2025-11-17,1651.3761,12.1007,2,0.1089,0.5735,0.086,-0.45,0.53,-0.85,2025,11,169000.0,250600.0
realtors.am,Center,235000,90,2025-11-17,2611.1111,12.3673,4,0.1694,0.4338,0.1774,-0.05,-0.07,-0.07,2025,11,180000.0,250600.0
realtors.am,Avan,140000,80,2025-11-17,1750.0,11.8494,3,0.0649,0.3603,0.0954,-0.75,-0.39,-0.77,2025,11,235000.0,244800.0
realtors.am,Avan,140000,80,2025-11-17,1750.0,11.8494,3,0.0649,0.3603,0.0954,-0.75,-0.39,-0.77,2025,11,140000.0,172800.0
realtors.am,Avan,140000,80,2025-11-17,1750.0,11.8494,3,0.0649,0.3603,0.0954,-0.75,-0.39,-0.77,2025,11,140000.0,167000.0
realtors.am,Ajapnyak,210000,140,2025-11-17,1500.0,12.2549,1,0.1419,0.8015,0.0716,-0.23,1.51,-0.98,2025,11,140000.0,173000.0
realtors.am,Ajapnyak,210000,140,2025-11-17,1500.0,12.2549,1,0.1419,0.8015,0.0716,-0.23,1.51,-0.98,2025,11,210000.0,168000.0
realtors.am,Ajapnyak,210000,140,2025-11-17,1500.0,12.2549,1,0.1419,0.8015,0.0716,-0.23,1.51,-0.98,2025,11,210000.0,182000.0
realtors.am,Arabkir,250000,125,2025-11-17,2000.0,12.4292,2,0.1859,0.6912,0.1192,0.06,1.04,-0.57,2025,11,210000.0,204000.0
realtors.am,Arabkir,250000,125,2025-11-17,2000.0,12.4292,2,0.1859,0.6912,0.1192,0.06,1.04,-0.57,2025,11,250000.0,226000.0
realtors.am,Arabkir,250000,125,2025-11-17,2000.0,12.4292,2,0.1859,0.6912,0.1192,0.06,1.04,-0.57,2025,11,250000.0,234000.0
realtors.am,Center,169000,31,2025-11-17,5451.6129,12.0377,4,0.0968,0.0,0.4479,-0.53,-1.93,2.26,2025,11,250000.0,225800.0
realtors.am,Center,175000,80,2025-11-17,2187.5,12.0725,4,0.1034,0.3603,0.137,-0.49,-0.39,-0.41,2025,11,169000.0,218800.0
realtors.am,Ajapnyak,138000,61,2025-11-18,2262.2951,11.835,1,0.0627,0.2206,0.1442,-0.76,-0.99,-0.35,2025,11,175000.0,196400.0
realtors.am,Arabkir,121000,74,2025-11-18,1635.1351,11.7035,2,0.044,0.3162,0.0844,-0.88,-0.58,-0.87,2025,11,138000.0,170600.0
realtors.am,Arabkir,121000,74,2025-11-18,1635.1351,11.7035,2,0.044,0.3162,0.0844,-0.88,-0.58,-0.87,2025,11,121000.0,144800.0
realtors.am,Arabkir,410000,163,2025-11-18,2515.3374,12.9239,2,0.3619,0.9706,0.1682,1.23,2.23,-0.15,2025,11,121000.0,193000.0
realtors.am,Arabkir,410000,163,2025-11-18,2515.3374,12.9239,2,0.3619,0.9706,0.1682,1.23,2.23,-0.15,2025,11,410000.0,240000.0
realtors.am,Kanaker-Zeytun,189000,94,2025-11-18,2010.6383,12.1495,7,0.1188,0.4632,0.1202,-0.39,0.06,-0.56,2025,11,410000.0,250200.0
realtors.am,Kanaker-Zeytun,189000,94,2025-11-18,2010.6383,12.1495,7,0.1188,0.4632,0.1202,-0.39,0.06,-0.56,2025,11,189000.0,263800.0
realtors.am,Kanaker-Zeytun,189000,94,2025-11-18,2010.6383,12.1495,7,0.1188,0.4632,0.1202,-0.39,0.06,-0.56,2025,11,189000.0,277400.0
realtors.am,Arabkir,121000,74,2025-11-18,1635.1351,11.7035,2,0.044,0.3162,0.0844,-0.88,-0.58,-0.87,2025,11,189000.0,219600.0
realtors.am,Nork-Marash,291000,71,2025-11-19,4098.5915,12.5811,11,0.231,0.2941,0.319,0.36,-0.67,1.15,2025,11,121000.0,195800.0
realtors.am,Nork-Marash,291000,71,2025-11-19,4098.5915,12.5811,11,0.231,0.2941,0.319,0.36,-0.67,1.15,2025,11,291000.0,216200.0
realtors.am,Center,245000,86,2025-11-19,2848.8372,12.409,4,0.1804,0.4044,0.2,0.02,-0.2,0.13,2025,11,291000.0,227400.0
realtors.am,Center,245000,86,2025-11-19,2848.8372,12.409,4,0.1804,0.4044,0.2,0.02,-0.2,0.13,2025,11,245000.0,238600.0
realtors.am,Center,875000,167,2025-11-19,5239.521,13.682,4,0.8735,1.0,0.4277,4.64,2.36,2.09,2025,11,245000.0,389400.0
realtors.am,Center,875000,167,2025-11-19,5239.521,13.682,4,0.8735,1.0,0.4277,4.64,2.36,2.09,2025,11,875000.0,506200.0
realtors.am,Arabkir,333000,152,2025-11-19,2190.7895,12.7159,2,0.2772,0.8897,0.1373,0.67,1.89,-0.41,2025,11,875000.0,514600.0
realtors.am,Arabkir,85000,47,2025-11-19,1808.5106,11.3504,2,0.0044,0.1176,0.1009,-1.15,-1.43,-0.72,2025,11,333000.0,482600.0
realtors.am,Arabkir,85000,47,2025-11-19,1808.5106,11.3504,2,0.0044,0.1176,0.1009,-1.15,-1.43,-0.72,2025,11,85000.0,450600.0
realtors.am,Nork-Marash,291000,71,2025-11-19,4098.5915,12.5811,11,0.231,0.2941,0.319,0.36,-0.67,1.15,2025,11,85000.0,333800.0
realtors.am,Arabkir,333000,152,2025-11-19,2190.7895,12.7159,2,0.2772,0.8897,0.1373,0.67,1.89,-0.41,2025,11,291000.0,225400.0
realtors.am,Arabkir,333000,152,2025-11-19,2190.7895,12.7159,2,0.2772,0.8897,0.1373,0.67,1.89,-0.41,2025,11,333000.0,225400.0
realtors.am,Center,875000,167,2025-11-19,5239.521,13.682,4,0.8735,1.0,0.4277,4.64,2.36,2.09,2025,11,333000.0,383400.0
realtors.am,Center,160000,81,2025-11-19,1975.3086,11.9829,4,0.0869,0.3676,0.1168,-0.6,-0.35,-0.59,2025,11,875000.0,398400.0
realtors.am,Center,245000,86,2025-11-19,2848.8372,12.409,4,0.1804,0.4044,0.2,0.02,-0.2,0.13,2025,11,160000.0,389200.0
realtors.am,Center,160000,81,2025-11-19,1975.3086,11.9829,4,0.0869,0.3676,0.1168,-0.6,-0.35,-0.59,2025,11,245000.0,354600.0
realtors.am,Center,160000,81,2025-11-19,1975.3086,11.9829,4,0.0869,0.3676,0.1168,-0.6,-0.35,-0.59,2025,11,160000.0,320000.0
realtors.am,Shengavit,138000,86,2025-11-19,1604.6512,11.835,12,0.0627,0.4044,0.0815,-0.76,-0.2,-0.89,2025,11,160000.0,172600.0
realtors.am,Center,91500,39,2025-11-19,2346.1538,11.4241,4,0.0116,0.0588,0.1521,-1.1,-1.68,-0.28,2025,11,138000.0,158900.0
realtors.am,Center,91500,39,2025-11-19,2346.1538,11.4241,4,0.0116,0.0588,0.1521,-1.1,-1.68,-0.28,2025,11,91500.0,128200.0
realtors.am,Center,91500,39,2025-11-19,2346.1538,11.4241,4,0.0116,0.0588,0.1521,-1.1,-1.68,-0.28,2025,11,91500.0,114500.0
realtors.am,Shengavit,150000,65,2025-11-19,2307.6923,11.9184,12,0.0759,0.25,0.1485,-0.67,-0.86,-0.32,2025,11,91500.0,112500.0
realtors.am,Shengavit,150000,65,2025-11-19,2307.6923,11.9184,12,0.0759,0.25,0.1485,-0.67,-0.86,-0.32,2025,11,150000.0,114900.0
realtors.am,Shengavit,138000,86,2025-11-19,1604.6512,11.835,12,0.0627,0.4044,0.0815,-0.76,-0.2,-0.89,2025,11,150000.0,124200.0
realtors.am,Abovyan,150000,121,2025-11-19,1239.6694,11.9184,0,0.0759,0.6618,0.0468,-0.67,0.91,-1.19,2025,11,138000.0,135900.0
realtors.am,Abovyan,150000,121,2025-11-19,1239.6694,11.9184,0,0.0759,0.6618,0.0468,-0.67,0.91,-1.19,2025,11,150000.0,147600.0
realtors.am,Abovyan,150000,121,2025-11-19,1239.6694,11.9184,0,0.0759,0.6618,0.0468,-0.67,0.91,-1.19,2025,11,150000.0,147600.0
realtors.am,Arabkir,130000,46,2025-11-19,2826.087,11.7753,2,0.0539,0.1103,0.1978,-0.82,-1.46,0.11,2025,11,150000.0,143600.0
realtors.am,Arabkir,130000,46,2025-11-19,2826.087,11.7753,2,0.0539,0.1103,0.1978,-0.82,-1.46,0.11,2025,11,130000.0,142000.0
realtors.am,Center,160000,81,2025-11-19,1975.3086,11.9829,4,0.0869,0.3676,0.1168,-0.6,-0.35,-0.59,2025,11,130000.0,144000.0
realtors.am,Shengavit,150000,65,2025-11-19,2307.6923,11.9184,12,0.0759,0.25,0.1485,-0.67,-0.86,-0.32,2025,11,160000.0,144000.0
realtors.am,Center,250000,60,2025-11-20,4166.6667,12.4292,4,0.1859,0.2132,0.3255,0.06,-1.02,1.21,2025,11,150000.0,164000.0
realtors.am,Center,830000,167,2025-11-20,4970.0599,13.6292,4,0.824,1.0,0.402,4.31,2.36,1.87,2025,11,250000.0,304000.0
realtors.am,Center,830000,167,2025-11-20,4970.0599,13.6292,4,0.824,1.0,0.402,4.31,2.36,1.87,2025,11,830000.0,444000.0
realtors.am,Center,830000,167,2025-11-20,4970.0599,13.6292,4,0.824,1.0,0.402,4.31,2.36,1.87,2025,11,830000.0,578000.0
realtors.am,Center,235000,83,2025-11-20,2831.3253,12.3673,4,0.1694,0.3824,0.1983,-0.05,-0.29,0.11,2025,11,830000.0,595000.0
realtors.am,Center,235000,83,2025-11-20,2831.3253,12.3673,4,0.1694,0.3824,0.1983,-0.05,-0.29,0.11,2025,11,235000.0,592000.0
realtors.am,Center,235000,83,2025-11-20,2831.3253,12.3673,4,0.1694,0.3824,0.1983,-0.05,-0.29,0.11,2025,11,235000.0,473000.0
realtors.am,Nor-Nork,107000,97,2025-11-20,1103.0928,11.5806,10,0.0286,0.4853,0.0338,-0.99,0.15,-1.3,2025,11,235000.0,328400.0
realtors.am,Nor-Nork,107000,97,2025-11-20,1103.0928,11.5806,10,0.0286,0.4853,0.0338,-0.99,0.15,-1.3,2025,11,107000.0,183800.0
realtors.am,Center,342000,86,2025-11-20,3976.7442,12.7426,4,0.2871,0.4044,0.3074,0.73,-0.2,1.05,2025,11,107000.0,205200.0
realtors.am,Center,342000,86,2025-11-20,3976.7442,12.7426,4,0.2871,0.4044,0.3074,0.73,-0.2,1.05,2025,11,342000.0,226600.0
realtors.am,Center,342000,86,2025-11-20,3976.7442,12.7426,4,0.2871,0.4044,0.3074,0.73,-0.2,1.05,2025,11,342000.0,248000.0
realtors.am,Arabkir,195000,84,2025-11-20,2321.4286,12.1808,2,0.1254,0.3897,0.1498,-0.34,-0.26,-0.3,2025,11,342000.0,265600.0
realtors.am,Arabkir,195000,84,2025-11-20,2321.4286,12.1808,2,0.1254,0.3897,0.1498,-0.34,-0.26,-0.3,2025,11,195000.0,283200.0
realtors.am,Arabkir,195000,84,2025-11-20,2321.4286,12.1808,2,0.1254,0.3897,0.1498,-0.34,-0.26,-0.3,2025,11,195000.0,253800.0
myrealty.am,Center,235000,40,2025-11-20,5875.0,12.3673,4,0.1694,0.0662,0.4882,-0.05,-1.65,2.61,2025,11,195000.0,232400.0
myrealty.am,Center,235000,40,2025-11-20,5875.0,12.3673,4,0.1694,0.0662,0.4882,-0.05,-1.65,2.61,2025,11,235000.0,211000.0
realtors.am,Center,250000,60,2025-11-20,4166.6667,12.4292,4,0.1859,0.2132,0.3255,0.06,-1.02,1.21,2025,11,235000.0,222000.0
realtors.am,Nor-Nork,107000,97,2025-11-20,1103.0928,11.5806,10,0.0286,0.4853,0.0338,-0.99,0.15,-1.3,2025,11,250000.0,204400.0
realtors.am,Arabkir,256000,142,2025-11-20,1802.8169,12.4529,2,0.1925,0.8162,0.1004,0.1,1.57,-0.73,2025,11,107000.0,216600.0
myrealty.am,Center,235000,40,2025-11-20,5875.0,12.3673,4,0.1694,0.0662,0.4882,-0.05,-1.65,2.61,2025,11,256000.0,216600.0
realtors.am,Arabkir,195000,116,2025-11-20,1681.0345,12.1808,2,0.1254,0.625,0.0888,-0.34,0.75,-0.83,2025,11,235000.0,208600.0
realtors.am,Arabkir,159000,74,2025-11-20,2148.6486,11.9767,2,0.0858,0.3162,0.1333,-0.61,-0.58,-0.45,2025,11,195000.0,190400.0
realtors.am,Arabkir,256000,142,2025-11-20,1802.8169,12.4529,2,0.1925,0.8162,0.1004,0.1,1.57,-0.73,2025,11,159000.0,220200.0
realtors.am,Arabkir,159000,74,2025-11-20,2148.6486,11.9767,2,0.0858,0.3162,0.1333,-0.61,-0.58,-0.45,2025,11,256000.0,200800.0
realtors.am,Arabkir,159000,74,2025-11-20,2148.6486,11.9767,2,0.0858,0.3162,0.1333,-0.61,-0.58,-0.45,2025,11,159000.0,185600.0
realtors.am,Center,160000,81,2025-11-20,1975.3086,11.9829,4,0.0869,0.3676,0.1168,-0.6,-0.35,-0.59,2025,11,159000.0,178600.0
realtors.am,Center,160000,81,2025-11-20,1975.3086,11.9829,4,0.0869,0.3676,0.1168,-0.6,-0.35,-0.59,2025,11,160000.0,178800.0
realtors.am,Center,210000,96,2025-11-20,2187.5,12.2549,4,0.1419,0.4779,0.137,-0.23,0.12,-0.41,2025,11,160000.0,169600.0
realtors.am,Center,210000,96,2025-11-20,2187.5,12.2549,4,0.1419,0.4779,0.137,-0.23,0.12,-0.41,2025,11,210000.0,179800.0
realtors.am,Center,210000,96,2025-11-20,2187.5,12.2549,4,0.1419,0.4779,0.137,-0.23,0.12,-0.41,2025,11,210000.0,190000.0
realtors.am,Center,520000,151,2025-11-20,3443.7086,13.1616,4,0.4829,0.8824,0.2566,2.04,1.86,0.62,2025,11,210000.0,262000.0
realtors.am,Center,160000,81,2025-11-20,1975.3086,11.9829,4,0.0869,0.3676,0.1168,-0.6,-0.35,-0.59,2025,11,520000.0,262000.0
realtors.am,Center,520000,151,2025-11-20,3443.7086,13.1616,4,0.4829,0.8824,0.2566,2.04,1.86,0.62,2025,11,160000.0,324000.0
realtors.am,Nor-Nork,150000,83,2025-11-20,1807.2289,11.9184,10,0.0759,0.3824,0.1008,-0.67,-0.29,-0.73,2025,11,520000.0,312000.0
realtors.am,Nor-Nork,150000,83,2025-11-20,1807.2289,11.9184,10,0.0759,0.3824,0.1008,-0.67,-0.29,-0.73,2025,11,150000.0,300000.0
realtors.am,Nor-Nork,150000,83,2025-11-20,1807.2289,11.9184,10,0.0759,0.3824,0.1008,-0.67,-0.29,-0.73,2025,11,150000.0,226000.0
realtors.am,Arabkir,210000,74,2025-11-20,2837.8378,12.2549,2,0.1419,0.3162,0.199,-0.23,-0.58,0.12,2025,11,150000.0,236000.0
realtors.am,Arabkir,210000,74,2025-11-20,2837.8378,12.2549,2,0.1419,0.3162,0.199,-0.23,-0.58,0.12,2025,11,210000.0,174000.0
realtors.am,Arabkir,210000,74,2025-11-20,2837.8378,12.2549,2,0.1419,0.3162,0.199,-0.23,-0.58,0.12,2025,11,210000.0,186000.0
realtors.am,Arabkir,195000,116,2025-11-20,1681.0345,12.1808,2,0.1254,0.625,0.0888,-0.34,0.75,-0.83,2025,11,210000.0,195000.0
realtors.am,Center,520000,151,2025-11-20,3443.7086,13.1616,4,0.4829,0.8824,0.2566,2.04,1.86,0.62,2025,11,195000.0,269000.0
realtors.am,Arabkir,195000,116,2025-11-20,1681.0345,12.1808,2,0.1254,0.625,0.0888,-0.34,0.75,-0.83,2025,11,520000.0,266000.0
realtors.am,Center,140000,52,2025-11-21,2692.3077,11.8494,4,0.0649,0.1544,0.1851,-0.75,-1.27,-0.0,2025,11,195000.0,252000.0
realtors.am,Ajapnyak,125000,65,2025-11-21,1923.0769,11.7361,1,0.0484,0.25,0.1118,-0.86,-0.86,-0.63,2025,11,140000.0,235000.0
realtors.am,Ajapnyak,125000,65,2025-11-21,1923.0769,11.7361,1,0.0484,0.25,0.1118,-0.86,-0.86,-0.63,2025,11,125000.0,221000.0
realtors.am,Center,215000,93,2025-11-21,2311.828,12.2784,4,0.1474,0.4559,0.1489,-0.2,0.02,-0.31,2025,11,125000.0,160000.0
realtors.am,Center,215000,93,2025-11-21,2311.828,12.2784,4,0.1474,0.4559,0.1489,-0.2,0.02,-0.31,2025,11,215000.0,164000.0
realtors.am,Center,215000,93,2025-11-21,2311.828,12.2784,4,0.1474,0.4559,0.1489,-0.2,0.02,-0.31,2025,11,215000.0,179000.0
realtors.am,Center,140000,52,2025-11-21,2692.3077,11.8494,4,0.0649,0.1544,0.1851,-0.75,-1.27,-0.0,2025,11,215000.0,182000.0
realtors.am,Ajapnyak,125000,65,2025-11-21,1923.0769,11.7361,1,0.0484,0.25,0.1118,-0.86,-0.86,-0.63,2025,11,140000.0,182000.0
realtors.am,Center,140000,52,2025-11-21,2692.3077,11.8494,4,0.0649,0.1544,0.1851,-0.75,-1.27,-0.0,2025,11,125000.0,167000.0
realtors.am,Ajapnyak,150000,80,2025-11-21,1875.0,11.9184,1,0.0759,0.3603,0.1073,-0.67,-0.39,-0.67,2025,11,140000.0,154000.0
realtors.am,Arabkir,250000,135,2025-11-21,1851.8519,12.4292,2,0.1859,0.7647,0.1051,0.06,1.35,-0.69,2025,11,150000.0,161000.0
realtors.am,Arabkir,250000,135,2025-11-21,1851.8519,12.4292,2,0.1859,0.7647,0.1051,0.06,1.35,-0.69,2025,11,250000.0,183000.0
realtors.am,Center,103000,100,2025-11-21,1030.0,11.5425,4,0.0242,0.5074,0.0268,-1.02,0.25,-1.36,2025,11,250000.0,178600.0
realtors.am,Center,103000,100,2025-11-21,1030.0,11.5425,4,0.0242,0.5074,0.0268,-1.02,0.25,-1.36,2025,11,103000.0,171200.0
realtors.am,Center,103000,100,2025-11-21,1030.0,11.5425,4,0.0242,0.5074,0.0268,-1.02,0.25,-1.36,2025,11,103000.0,161800.0
realtors.am,Davtashen,153000,49,2025-11-21,3122.449,11.9382,5,0.0792,0.1324,0.2261,-0.65,-1.36,0.35,2025,11,103000.0,142400.0
realtors.am,Davtashen,153000,49,2025-11-21,3122.449,11.9382,5,0.0792,0.1324,0.2261,-0.65,-1.36,0.35,2025,11,153000.0,123000.0
realtors.am,Davtashen,153000,49,2025-11-21,3122.449,11.9382,5,0.0792,0.1324,0.2261,-0.65,-1.36,0.35,2025,11,153000.0,133000.0
realtors.am,Center,645000,167,2025-11-21,3862.2754,13.377,4,0.6205,1.0,0.2965,2.95,2.36,0.96,2025,11,153000.0,241400.0
realtors.am,Ajapnyak,150000,80,2025-11-21,1875.0,11.9184,1,0.0759,0.3603,0.1073,-0.67,-0.39,-0.67,2025,11,645000.0,250800.0
realtors.am,Arabkir,250000,135,2025-11-21,1851.8519,12.4292,2,0.1859,0.7647,0.1051,0.06,1.35,-0.69,2025,11,150000.0,270200.0
realtors.am,Center,645000,167,2025-11-21,3862.2754,13.377,4,0.6205,1.0,0.2965,2.95,2.36,0.96,2025,11,250000.0,368600.0
realtors.am,Ajapnyak,150000,80,2025-11-21,1875.0,11.9184,1,0.0759,0.3603,0.1073,-0.67,-0.39,-0.67,2025,11,645000.0,368000.0
realtors.am,Kanaker-Zeytun,270000,146,2025-11-21,1849.3151,12.5062,7,0.2079,0.8456,0.1048,0.21,1.7,-0.69,2025,11,150000.0,293000.0
realtors.am,Center,240000,55,2025-11-21,4363.6364,12.3884,4,0.1749,0.1765,0.3442,-0.01,-1.17,1.37,2025,11,270000.0,311000.0
realtors.am,Center,240000,55,2025-11-21,4363.6364,12.3884,4,0.1749,0.1765,0.3442,-0.01,-1.17,1.37,2025,11,240000.0,309000.0
realtors.am,Center,645000,167,2025-11-21,3862.2754,13.377,4,0.6205,1.0,0.2965,2.95,2.36,0.96,2025,11,240000.0,309000.0
realtors.am,Center,240000,55,2025-11-21,4363.6364,12.3884,4,0.1749,0.1765,0.3442,-0.01,-1.17,1.37,2025,11,645000.0,327000.0
realtors.am,Center,220000,73,2025-11-21,3013.6986,12.3014,4,0.1529,0.3088,0.2157,-0.16,-0.61,0.26,2025,11,240000.0,317000.0
realtors.am,Center,220000,73,2025-11-21,3013.6986,12.3014,4,0.1529,0.3088,0.2157,-0.16,-0.61,0.26,2025,11,220000.0,313000.0
realtors.am,Center,220000,73,2025-11-21,3013.6986,12.3014,4,0.1529,0.3088,0.2157,-0.16,-0.61,0.26,2025,11,220000.0,309000.0
realtors.am,Davtashen,306000,91,2025-11-21,3362.6374,12.6313,5,0.2475,0.4412,0.2489,0.47,-0.04,0.55,2025,11,220000.0,241200.0
realtors.am,Davtashen,306000,91,2025-11-21,3362.6374,12.6313,5,0.2475,0.4412,0.2489,0.47,-0.04,0.55,2025,11,306000.0,254400.0
realtors.am,Davtashen,306000,91,2025-11-21,3362.6374,12.6313,5,0.2475,0.4412,0.2489,0.47,-0.04,0.55,2025,11,306000.0,271600.0
realtors.am,Kanaker-Zeytun,158000,93,2025-11-21,1698.9247,11.9704,7,0.0847,0.4559,0.0905,-0.61,0.02,-0.81,2025,11,306000.0,259200.0
realtors.am,Kanaker-Zeytun,158000,93,2025-11-21,1698.9247,11.9704,7,0.0847,0.4559,0.0905,-0.61,0.02,-0.81,2025,11,158000.0,246800.0
realtors.am,Center,200000,93,2025-11-21,2150.5376,12.2061,4,0.1309,0.4559,0.1335,-0.31,0.02,-0.44,2025,11,158000.0,225600.0
realtors.am,Center,210000,40,2025-11-21,5250.0,12.2549,4,0.1419,0.0662,0.4287,-0.23,-1.65,2.09,2025,11,200000.0,206400.0
realtors.am,Kanaker-Zeytun,158000,93,2025-11-21,1698.9247,11.9704,7,0.0847,0.4559,0.0905,-0.61,0.02,-0.81,2025,11,210000.0,176800.0
realtors.am,Center,145000,39,2025-11-21,3717.9487,11.8845,4,0.0704,0.0588,0.2828,-0.71,-1.68,0.84,2025,11,158000.0,174200.0
realtors.am,Kanaker-Zeytun,270000,146,2025-11-21,1849.3151,12.5062,7,0.2079,0.8456,0.1048,0.21,1.7,-0.69,2025,11,145000.0,196600.0
realtors.am,Center,145000,39,2025-11-21,3717.9487,11.8845,4,0.0704,0.0588,0.2828,-0.71,-1.68,0.84,2025,11,270000.0,185600.0
realtors.am,Center,145000,39,2025-11-21,3717.9487,11.8845,4,0.0704,0.0588,0.2828,-0.71,-1.68,0.84,2025,11,145000.0,172600.0
realtors.am,Kanaker-Zeytun,270000,146,2025-11-21,1849.3151,12.5062,7,0.2079,0.8456,0.1048,0.21,1.7,-0.69,2025,11,145000.0,195000.0
realtors.am,Center,200000,93,2025-11-21,2150.5376,12.2061,4,0.1309,0.4559,0.1335,-0.31,0.02,-0.44,2025,11,270000.0,206000.0
realtors.am,Ajapnyak,140000,81,2025-11-21,1728.3951,11.8494,1,0.0649,0.3676,0.0933,-0.75,-0.35,-0.79,2025,11,200000.0,180000.0
realtors.am,Ajapnyak,140000,81,2025-11-21,1728.3951,11.8494,1,0.0649,0.3676,0.0933,-0.75,-0.35,-0.79,2025,11,140000.0,179000.0
realtors.am,Center,210000,40,2025-11-21,5250.0,12.2549,4,0.1419,0.0662,0.4287,-0.23,-1.65,2.09,2025,11,140000.0,192000.0
realtors.am,Center,210000,40,2025-11-21,5250.0,12.2549,4,0.1419,0.0662,0.4287,-0.23,-1.65,2.09,2025,11,210000.0,180000.0
realtors.am,Center,200000,93,2025-11-21,2150.5376,12.2061,4,0.1309,0.4559,0.1335,-0.31,0.02,-0.44,2025,11,210000.0,180000.0
realtors.am,Kanaker-Zeytun,140000,59,2025-11-22,2372.8814,11.8494,7,0.0649,0.2059,0.1547,-0.75,-1.05,-0.26,2025,11,200000.0,180000.0
realtors.am,Arabkir,190000,87,2025-11-22,2183.908,12.1548,2,0.1199,0.4118,0.1367,-0.38,-0.16,-0.42,2025,11,140000.0,190000.0
realtors.am,Arabkir,190000,87,2025-11-22,2183.908,12.1548,2,0.1199,0.4118,0.1367,-0.38,-0.16,-0.42,2025,11,190000.0,186000.0
realtors.am,Kanaker-Zeytun,340000,110,2025-11-22,3090.9091,12.7367,7,0.2849,0.5809,0.2231,0.72,0.56,0.33,2025,11,190000.0,212000.0
realtors.am,Kanaker-Zeytun,340000,110,2025-11-22,3090.9091,12.7367,7,0.2849,0.5809,0.2231,0.72,0.56,0.33,2025,11,340000.0,240000.0
realtors.am,Kanaker-Zeytun,340000,110,2025-11-22,3090.9091,12.7367,7,0.2849,0.5809,0.2231,0.72,0.56,0.33,2025,11,340000.0,280000.0
realtors.am,Center,430000,98,2025-11-22,4387.7551,12.9715,4,0.3839,0.4926,0.3465,1.38,0.18,1.39,2025,11,340000.0,328000.0
realtors.am,Kanaker-Zeytun,140000,59,2025-11-22,2372.8814,11.8494,7,0.0649,0.2059,0.1547,-0.75,-1.05,-0.26,2025,11,430000.0,318000.0
realtors.am,Kanaker-Zeytun,140000,59,2025-11-22,2372.8814,11.8494,7,0.0649,0.2059,0.1547,-0.75,-1.05,-0.26,2025,11,140000.0,278000.0
realtors.am,Center,235000,40,2025-11-22,5875.0,12.3673,4,0.1694,0.0662,0.4882,-0.05,-1.65,2.61,2025,11,140000.0,257000.0
realtors.am,Center,155000,48,2025-11-22,3229.1667,11.9512,4,0.0814,0.125,0.2362,-0.64,-1.4,0.44,2025,11,235000.0,220000.0
realtors.am,Center,155000,48,2025-11-22,3229.1667,11.9512,4,0.0814,0.125,0.2362,-0.64,-1.4,0.44,2025,11,155000.0,165000.0
realtors.am,Center,235000,40,2025-11-22,5875.0,12.3673,4,0.1694,0.0662,0.4882,-0.05,-1.65,2.61,2025,11,155000.0,184000.0
realtors.am,Center,235000,40,2025-11-22,5875.0,12.3673,4,0.1694,0.0662,0.4882,-0.05,-1.65,2.61,2025,11,235000.0,203000.0
realtors.am,Kanaker-Zeytun,113000,62,2025-11-22,1822.5806,11.6351,7,0.0352,0.2279,0.1023,-0.94,-0.95,-0.71,2025,11,235000.0,178600.0
realtors.am,Kanaker-Zeytun,113000,62,2025-11-22,1822.5806,11.6351,7,0.0352,0.2279,0.1023,-0.94,-0.95,-0.71,2025,11,113000.0,170200.0
realtors.am,Kanaker-Zeytun,113000,62,2025-11-22,1822.5806,11.6351,7,0.0352,0.2279,0.1023,-0.94,-0.95,-0.71,2025,11,113000.0,161800.0
realtors.am,Arabkir,252000,116,2025-11-22,2172.4138,12.4372,2,0.1881,0.625,0.1356,0.07,0.75,-0.43,2025,11,113000.0,165200.0
realtors.am,Arabkir,252000,116,2025-11-22,2172.4138,12.4372,2,0.1881,0.625,0.1356,0.07,0.75,-0.43,2025,11,252000.0,168600.0
realtors.am,Arabkir,252000,116,2025-11-22,2172.4138,12.4372,2,0.1881,0.625,0.1356,0.07,0.75,-0.43,2025,11,252000.0,196400.0
realtors.am,Center,155000,48,2025-11-22,3229.1667,11.9512,4,0.0814,0.125,0.2362,-0.64,-1.4,0.44,2025,11,252000.0,204800.0
realtors.am,Center,265000,76,2025-11-22,3486.8421,12.4875,4,0.2024,0.3309,0.2608,0.17,-0.51,0.65,2025,11,155000.0,235200.0
realtors.am,Center,265000,76,2025-11-22,3486.8421,12.4875,4,0.2024,0.3309,0.2608,0.17,-0.51,0.65,2025,11,265000.0,237800.0
realtors.am,Kanaker-Zeytun,237000,134,2025-11-22,1768.6567,12.3758,7,0.1716,0.7574,0.0971,-0.04,1.32,-0.76,2025,11,265000.0,234800.0
realtors.am,Kanaker-Zeytun,180000,67,2025-11-22,2686.5672,12.1007,7,0.1089,0.2647,0.1846,-0.45,-0.8,-0.0,2025,11,237000.0,220400.0
realtors.am,Kanaker-Zeytun,180000,67,2025-11-22,2686.5672,12.1007,7,0.1089,0.2647,0.1846,-0.45,-0.8,-0.0,2025,11,180000.0,225400.0
realtors.am,Kanaker-Zeytun,180000,67,2025-11-22,2686.5672,12.1007,7,0.1089,0.2647,0.1846,-0.45,-0.8,-0.0,2025,11,180000.0,208400.0
realtors.am,Arabkir,185000,112,2025-11-22,1651.7857,12.1281,2,0.1144,0.5956,0.086,-0.42,0.62,-0.85,2025,11,180000.0,192400.0
realtors.am,Arabkir,185000,112,2025-11-22,1651.7857,12.1281,2,0.1144,0.5956,0.086,-0.42,0.62,-0.85,2025,11,185000.0,182000.0
realtors.am,Center,265000,76,2025-11-22,3486.8421,12.4875,4,0.2024,0.3309,0.2608,0.17,-0.51,0.65,2025,11,185000.0,199000.0
realtors.am,Nork-Marash,122000,83,2025-11-22,1469.8795,11.7118,11,0.0451,0.3824,0.0687,-0.88,-0.29,-1.0,2025,11,265000.0,187400.0
realtors.am,Nork-Marash,122000,83,2025-11-22,1469.8795,11.7118,11,0.0451,0.3824,0.0687,-0.88,-0.29,-1.0,2025,11,122000.0,175800.0
realtors.am,Center,158000,92,2025-11-22,1717.3913,11.9704,4,0.0847,0.4485,0.0923,-0.61,-0.01,-0.8,2025,11,122000.0,170400.0
realtors.am,Center,158000,92,2025-11-22,1717.3913,11.9704,4,0.0847,0.4485,0.0923,-0.61,-0.01,-0.8,2025,11,158000.0,165000.0
realtors.am,Center,158000,92,2025-11-22,1717.3913,11.9704,4,0.0847,0.4485,0.0923,-0.61,-0.01,-0.8,2025,11,158000.0,143600.0
realtors.am,Nork-Marash,122000,83,2025-11-22,1469.8795,11.7118,11,0.0451,0.3824,0.0687,-0.88,-0.29,-1.0,2025,11,158000.0,143600.0
realtors.am,Center,210000,91,2025-11-22,2307.6923,12.2549,4,0.1419,0.4412,0.1485,-0.23,-0.04,-0.32,2025,11,122000.0,161200.0
realtors.am,Center,180000,61,2025-11-22,2950.8197,12.1007,4,0.1089,0.2206,0.2097,-0.45,-0.99,0.21,2025,11,210000.0,165600.0
realtors.am,Center,330000,82,2025-11-22,4024.3902,12.7068,4,0.2739,0.375,0.3119,0.65,-0.32,1.09,2025,11,180000.0,200000.0
realtors.am,Center,210000,91,2025-11-22,2307.6923,12.2549,4,0.1419,0.4412,0.1485,-0.23,-0.04,-0.32,2025,11,330000.0,210400.0
realtors.am,Center,330000,82,2025-11-22,4024.3902,12.7068,4,0.2739,0.375,0.3119,0.65,-0.32,1.09,2025,11,210000.0,252000.0
realtors.am,Arabkir,180000,74,2025-11-22,2432.4324,12.1007,2,0.1089,0.3162,0.1604,-0.45,-0.58,-0.21,2025,11,330000.0,246000.0
realtors.am,Center,330000,82,2025-11-22,4024.3902,12.7068,4,0.2739,0.375,0.3119,0.65,-0.32,1.09,2025,11,180000.0,276000.0
realtors.am,Arabkir,180000,74,2025-11-22,2432.4324,12.1007,2,0.1089,0.3162,0.1604,-0.45,-0.58,-0.21,2025,11,330000.0,246000.0
realtors.am,Arabkir,190000,59,2025-11-22,3220.339,12.1548,2,0.1199,0.2059,0.2354,-0.38,-1.05,0.43,2025,11,180000.0,242000.0
realtors.am,Center,210000,91,2025-11-22,2307.6923,12.2549,4,0.1419,0.4412,0.1485,-0.23,-0.04,-0.32,2025,11,190000.0,218000.0
realtors.am,Arabkir,190000,59,2025-11-22,3220.339,12.1548,2,0.1199,0.2059,0.2354,-0.38,-1.05,0.43,2025,11,210000.0,220000.0
realtors.am,Arabkir,190000,59,2025-11-22,3220.339,12.1548,2,0.1199,0.2059,0.2354,-0.38,-1.05,0.43,2025,11,190000.0,192000.0
realtors.am,Arabkir,180000,74,2025-11-22,2432.4324,12.1007,2,0.1089,0.3162,0.1604,-0.45,-0.58,-0.21,2025,11,190000.0,192000.0
realtors.am,Arabkir,223000,109,2025-11-23,2045.8716,12.3149,2,0.1562,0.5735,0.1235,-0.14,0.53,-0.53,2025,11,180000.0,198600.0
realtors.am,Arabkir,223000,109,2025-11-23,2045.8716,12.3149,2,0.1562,0.5735,0.1235,-0.14,0.53,-0.53,2025,11,223000.0,201200.0
realtors.am,Arabkir,223000,109,2025-11-23,2045.8716,12.3149,2,0.1562,0.5735,0.1235,-0.14,0.53,-0.53,2025,11,223000.0,207800.0
realtors.am,Nork-Marash,450000,93,2025-11-23,4838.7097,13.017,11,0.4059,0.4559,0.3895,1.52,0.02,1.76,2025,11,223000.0,259800.0
realtors.am,Center,480000,93,2025-11-23,5161.2903,13.0815,4,0.4389,0.4559,0.4202,1.74,0.02,2.02,2025,11,450000.0,319800.0
realtors.am,Center,480000,93,2025-11-23,5161.2903,13.0815,4,0.4389,0.4559,0.4202,1.74,0.02,2.02,2025,11,480000.0,371200.0
realtors.am,Center,480000,93,2025-11-23,5161.2903,13.0815,4,0.4389,0.4559,0.4202,1.74,0.02,2.02,2025,11,480000.0,422600.0
realtors.am,Center,290000,102,2025-11-23,2843.1373,12.5776,4,0.2299,0.5221,0.1995,0.35,0.31,0.12,2025,11,480000.0,436000.0
realtors.am,Center,290000,102,2025-11-23,2843.1373,12.5776,4,0.2299,0.5221,0.1995,0.35,0.31,0.12,2025,11,290000.0,404000.0
realtors.am,Nork-Marash,450000,93,2025-11-23,4838.7097,13.017,11,0.4059,0.4559,0.3895,1.52,0.02,1.76,2025,11,290000.0,398000.0
realtors.am,Center,290000,102,2025-11-23,2843.1373,12.5776,4,0.2299,0.5221,0.1995,0.35,0.31,0.12,2025,11,450000.0,360000.0
